-- phpMyAdmin SQL Dump
-- version 5.2.1
-- https://www.phpmyadmin.net/
--
-- Servidor: 127.0.0.1
-- Tiempo de generación: 13-03-2024 a las 02:05:46
-- Versión del servidor: 10.4.28-MariaDB
-- Versión de PHP: 8.2.4

SET SQL_MODE = "NO_AUTO_VALUE_ON_ZERO";
START TRANSACTION;
SET time_zone = "+00:00";


/*!40101 SET @OLD_CHARACTER_SET_CLIENT=@@CHARACTER_SET_CLIENT */;
/*!40101 SET @OLD_CHARACTER_SET_RESULTS=@@CHARACTER_SET_RESULTS */;
/*!40101 SET @OLD_COLLATION_CONNECTION=@@COLLATION_CONNECTION */;
/*!40101 SET NAMES utf8mb4 */;

--
-- Base de datos: `midnight`
--

-- --------------------------------------------------------

--
-- Estructura de tabla para la tabla `eventos`
--

CREATE TABLE `eventos` (
  `id` int(11) NOT NULL,
  `nombreEvento` varchar(30) NOT NULL,
  `fecha` date NOT NULL,
  `horaIni` varchar(10) NOT NULL,
  `horaFin` varchar(10) NOT NULL,
  `imagen` blob NOT NULL,
  `localizacion` varchar(30) NOT NULL
) ENGINE=InnoDB DEFAULT CHARSET=utf8mb4 COLLATE=utf8mb4_general_ci;

--
-- Volcado de datos para la tabla `eventos`
--

INSERT INTO `eventos` (`id`, `nombreEvento`, `fecha`, `horaIni`, `horaFin`, `imagen`, `localizacion`) VALUES
(27, 'Teatro Kapital', '2024-03-13', '06:00', '08:35', 0x2f396a2f34414151536b5a4a5267414241514141415141424141442f2f6741665132397463484a6c63334e6c5a434269655342716347566e4c584a6c5932397463484a6c6333502f34674a4153554e445831425354305a4a544555414151454141414977515552435251495141414274626e5279556b64434946685a576941487a77414741414d41414141414141426859334e775156425154414141414142756232356c4141414141414141414141414141414141414141414141413974594141514141414144544c554645516b55414141414141414141414141414141414141414141414141414141414141414141414141414141414141414141414141414141414141414141414141414141706a63484a30414141412f41414141444a6b5a584e6a414141424d4141414147743364484230414141426e414141414252696133423041414142734141414142527956464a4441414142784141414141356e56464a4441414142314141414141356956464a4441414142354141414141357957466c6141414142394141414142526e57466c6141414143434141414142526957466c614141414348414141414252305a5868304141414141454e7663486c796157646f644341784f546b354945466b62324a6c49464e356333526c62584d675357356a62334a7762334a686447566b414141415a47567a59774141414141414141415251575276596d5567556b6443494367784f546b344b514141414141414141414141414141414141414141414141414141414141414141414141414141414141414141414141414141414141414141414141414141414141414141414141414141414141414141414141414141414141414141414141414141414141414141414157466c61494141414141414141504e5241414541414141424673785957566f67414141414141414141414141414141414141414141474e31636e594141414141414141414151497a4141426a64584a324141414141414141414145434d77414159335679646741414141414141414142416a4d414146685a57694141414141414141436347414141543655414141543857466c6149414141414141414144534e414143674c4141414435565957566f6741414141414141414a6a4541414241764141432b6e502f62414951414341674943416b4943516f4b4351304f4441344e457845514542455448425157464259554843736248787362487873724a69346c497955754a6b51314c79383152453543506b4a4f58315656583364786435796330514549434167494351674a43676f4a4451344d446730544552415145524d6346425955466851634b787366477873664779736d4c69556a4a53346d524455764c7a5645546b492b516b356656565666643346336e4a7a522f3849414551674372415141417745694141495241514d5241662f454144554141414148415145414141414141414141414141414141414241674d454251594843414541417745424151454241414141414141414141414141514944414151464267662f3267414d417745414168414445414141414d2b45462b6c664176767733466563714f374f37635359797768706b4d3169464a635a456f6b4278455338797241306d724f47324d444979474d30486934625373466849326344616d7a68736768384e4b775761435941694a735a414c6b67306b7155304e6e53493845674669704c4b306461694449415363584132597967524447614163734a50417753635679344267724241674b4e725a7730445a51536b46343246414f4a4969466d79725a5241624b55304e6e6b6f5041314e45532b545a35585574676c344d71797243415336624b387169496a6e464d4c7757456c6738475432645351774e545a375776562b4b627a78505536507a76644f2f4a2f532b63727a6f31646545654e7138526a706f4c324e4b3942357176567574624c74454b32556e747848537a59307650514f675943646539764a686c375048653135726a304e7a716c4b4a6f79536a766f72466b4b4a77383745644a55784b517568496b736f364a6b4d4b7a695647513252706d5647677a6c4169624f7159555657526b5159535446344d6d5136535151343045686c4732657969494447456a46625462364d59416441456b4373494334794259715530657a67656a6a414547796a624d5a53514e6a4e42624f6b6b38416152696f494d597a53573070706f3848456d6a5a5a7467355a41444762594f64536b774443534a644a4373417042484f68745743676b6a6e67306f7159497358446156676f4a4c5a303256454f42417757394755423048626349643862302b7938617562587a75374d6257626f654471775672577967384c555975704b77702b765a6564624b732b66346275696f37306e5231334f7464476e5074505955615031504332646e3263754747326f666538756e4a2b4c366e45704a4563616b4b476363615579686c35474c4b586d354f484733746b4e536d69597757694c714352734151785762536d44704e715a544246696f3268733847687373454e6761453475746f6d7157515a5551416942575356444a49795567327770635351474d4a474c6f61474570444949554545476353514755456735595531675a704946774e6a5a776c6c674461427a70494d59314e4135306b6a41314e6c6938624b734647326b3651544b7346476773586730764b386c6f6d7a784955515a704c5a304955564149624c5532764b51556e5a526b434141446c796f7035622b3877683858563144505a613338337433504a4e6a49382f7379552b2b6d4931486363326d4461566148756130364a67396d38706963696e57796b727057625639785276364c6f35384655646834393946355257314c4937656551555a565a535353746b61616b744b7a4c71434454417a4d327234382b4f44474e52546f524c4c5a4247694c4b5532477a6f624a733453416857614151736b4a78646262646d7931746c5248464d71634f6870544b5a4757494149594a4d704d6b45534d36477049444a6441353947686841717271434742684a41754273624c4969326344526a4f424a484c4e6b41756842344b4e73484f6b3272417a513573457050597a625763736d7a3255616d5348695159436a51477a6751764b59515a7a6753624b616d7a625061504d4f6f4f2f56564a512f4c6651364c46394c735a553456734e6856316c467a7273393434363076594c35645a4e6d4d6d6252635558524f653147756154516d42566f326d474c66344f324e707139766c3674486d3554364e6f61572b6e42496b3676794a587256667765436139347852552f3050694f68756636584c4756657970506d3362696e366f724a68585245307141784f4e6e693667427730683974485141745379314961523251614f57796a5341434a54614d73326b71586b4e765971415136724e6b786e6c734f756f43413264564855513950724847564b544c454a49535a614353686b7971734172536b304a676b34754567786c4a424c6c4732574c68454146473243584132597977674d48435359786873624f68706579694a4a7a704e795347564a5473385461384443516334456771344777633652486c4e5459625351794369317447777339687a2f56386e5264584f4f66384c3249577a6879694e4856632f73786e6f3747305671426d2b797530534e5a726449787477735733324a5245617174367735795a5435377a2b3365782b616f4c3679686842736154736a717938306d6770476c6c54626230504f5a616c534f61302b697a4471506c4f6d3532504f2b6a7137757539627a4b52477767657a7730436b7139446a636351706b6b4c595543797a4c423165334e595234624d6d50786452476836544e6d53464c625965356241424c716f494a6334534644476151325762546a41776b38445730477a3578317571304b536351536d4c725351516b43434d6f326a4757524673626a4947664a6f79434e49566c42426a4b4152733447787334515273733231624b57454d44446131786b42696f4a566744414f57454b4b6d61544f5545714b6862536d43794a57554f4e6d7763435464467251703033736a6e3234383776306d566530506d656e534a4b4e53555a6a5130654536625249423346564270675a364c426f694a4552477862584b4e747959674f483069466e714d754a314636316b6c7a73624d4b4e32746a694474746e334a39456c55646671455a616d376f6f38786a374a68645a4b653832776e534a5767585639546b6f6e667a39466174486654356566456248756555387547637a4f56434f6975774a54456178444a486c64616d5550796f615147557a53426a5174577a4c376a6c30595137654c7334704a5163476b675862334f674659514d4a7a635735717459684a49564a42497868424b5832356354594767417242415941466936754f764379716e456869414373415a374a4d794741554d51526a5942597851736c594546486967776f684a6d4e6746416f6b4c4a674355764243354e776451696245594a6349504e526951566a5331734d75766377382f69374e327575593562746c50414e6461553848594862545132547671564c4c59326d596959587452665568325675577339352f6f376d6b676a4c594d36584456586f5752714e6736356e5831443661485a7732555a353163566c7438716e554d497851725364484c444c576a537538387a4f4c506e4f74536a754d5534383337624e374b687a4650334c696e30666b517a57333363356f516d44694b70336b75304a44597a4963524a695732464b314e45644d6e55316e36484e4a727251646e5051484f692b52334d68356d4468433078636a4259714344474142444f6f536c73736a58673244577245464f4d575250565261385347305a426b6d4e444e4956316b6b77515a4a3263434667677947796a536f346c456b687769477871516f59776b624b4e41325745445a306d52672b4936635a71363062543156796472524e634e724656556f367a647142686553737734302b7a566449377a3269493364587a64454f4e5431355335694e57366b346b4a673759357544506f4a6b43466f32584132564c4a6865646e646f6b4e6e395a6c35777a45327166557a696a32355744595a7878384a374d5a546145497147397970366d735771784e6a4f676a53476d46396d6f386a616259315772476d626d6c777a7a33764d74764b2b6b38336e63486f4f6239547a38744530644e7a31684f506c7a305a5768457a4a5a4468574f6c35456167475a4462794164506b566a2f7038737069544a764b497865753459356d34717647377a6249754f774a61314c49496c4c714350594c5352306d77703766307557537558562b7677624e654b6b77726f616d5046724a46613944386a3056424b764a37776f686d426b4267444c465151426c67697857454c7741497358416a516255415951444a5179764177395845535578576b61654b6c434e624653746872394e416b472f4641653132696d414e304b5959334231414976642f795230723033536350564a2b794f63555770336d6367734a545236666c55376259576d475742647955786a705659375761316d494462536d486135516a516a50325461746e586c63444a694f4f71705363376f485450615a566274617846747a6453574a544a5072345673635a3175695451624f584c325330307a394e34326d6c5a6d5a316938596a514933755945616a767977424d6d2b6e357558696174584a305a465771754f652f50553736675535317a51364e446d572b6c4f4d2f4a6b645852687a57356548702b66593264585938487056324636727a796b7339486d512f497544536e6e7159537453524f74374770747a5a4c7a426b5447473158524b6e6b4c6b475567364f633254315371547630734b4d5334336e6469534d2b6536544a494c72526a596c49534d346c49325547694f6354466949316f356e32557061735146536f2b78496d343142614753777971746a49644d4f2f7431756d49663252756d5163315a73755563314a4d7559547151793555616f6873796a55394b553859686465764f657641572b32563548484564757a53303569656e62445a307279496a3177556c5731304f46624c6d59476f7058575662596255416d7a53476c4c5752533659616c7436716b70746858793639446131627a3252756257314c43366954455954362b54476d3974623569344b7a383775387436666e7675314c7632587a3169394b332f44313831646e70566f4c454d656c7754356c512b7030646e5133506d657337486830374a70354f657670576e52495659706376716554524c354d4378344f7a4830743551652f7743425074732f494458755a4b4b36774b61366a63665455697961387671684573636c554b5774776853303052415862673172382b4a36584d77695a4d724f6e66304671347a61397a427273316f49317955644a39337a76517a2b5236686c71523536334b692b4e326b416e6e73744c6151786f5a7249336d4954594b394b76547932544e7a6263566e476b7156535157536d565367706c4377743149775a55676f4d43436756496a505a4267746a4e4b734a557171444a764863645a6331396245734b7946494d532f69746e4b4f797238633839724b5639566b786159637866316c4c353371496e434e6b58484a537441733464343038724930565a6d656c49716c4c306d4c4761646a56615a6b566833395446474b426152786f316d7a4c776c323845504f4a4130394c3956344d532b67394d3565692f793665652f506578364f71654b644756334b3751364474352f5034374a46392f796555796e616e32664f73326f6971776c7656354179704e577336364f704e4e704a6d5763352b6864644a5a367555314e4c5a476f30754f746c5073793849735359307230534c6d50342f653234497a713054306e6c70444f7a663749775a63367a37656142496c496563644d684a79474646694c436c636462784e624c6a564e565a314e5a314d5a5646382f374d36736a545047394b4d56374d5671717965507035694d7a364f644b6b6d3831414c6a644b6c42484e616a32436956676f454346453447564b794449524b547352474e6945747242685157516c51736d53754d7a645a65677971553353346d487549307456795945717331393467474a556936666334724979664c39563541444a6156383278576d4b6e3664674d7a5532734c4b6b6e6f44706555466a594939426643714b4d7a362b534337485646326b364f44495670656e7747712b67386254566c4c4139586b6e70724e42386a3771593946724d32715962776937503841576e563752642f775459492f525a504a7473477a654c37357844366e773442737665783536676c673653754d74306c4f78484b796b6b774369695351634d7570527a636a41475768707642784564554b79454771697372574270456d4375304c4f66527672723055365a58304c2b5457726135575345337555314b625276426d73357964653079325a305042335a6d64765762382b6666736d4f3768694e54307a61764578484a566f33584b7a6a4f4f686c61524a574e4764634e5179703978476971574f5870426855366b6f307a6f7043693249474d477a556e594f746e73616770356b5a725a556d595a535161564a417867396355494b3732767939724672716b304666472f446732666c65362b306c5242332b66635a6444577848317876477938744857735470577237794445326a4f7068744f544763613263304e4a616f30334b464546565832664e3131634b733658546e6378456654595057656631696d736930642b343074584b79695530756d7059624c463057583643644635643066442b2f355674322f4a493866304c4c4e565734352b6a6b394e36507933722b6478702f62346633504d5749712b7a6d6b74424468627346714c324c4b64556a5a4b4c364a3558345071596864765564584b36714b69715333494c726963714b35317765564555776d6c4456525a59697159536c51346f3174533072666a2b724d63744c617330575546587265525a7531515573563832464b7743463839415a715a5571564d5a596137577464554b5743674d4f5a473079535552672b556d5a4470706d6a7436726c374767436a56524a415a5351712f4d5a754c5a477a5749334367534f5344516c41413643674748695241734568524b37316e546e747a4d416650665445414151414d5647324e6e43534d48727a506d524b6b316777746f30595a46754a6b374f316b6943745141417755567352655631697738626d685a75634e54674a3977366b31563355336a4c6f6246686578354e4d7030326a784e6e6c7a74497871466675504e6442694b54567034645536313353737761503157703433736c6655637236526e2f53342b644b6254394a34716d686f2b5770497436763537312b35634d376878586d7673636271715a306a35665a766466507a7857777a586f636364555a7a71673874673770494a676d4479474d2f77417654595537756a344f364870496a6e7665504b5777353363627934345a4a44545947557973493855535677704864635857624c6a79336b30486c354971355568445849747a5236705678454168484d6d595535586a4374556c505130344a5744654d41536b4b57564f41416c6d6c46644e446a4932784a62536b636e45636663616b70544c536b4254424774444e536a69433145387041487a5031674147774141774147494941456a41424d306c7334477a32636c516a4b676c4446494d445062614e514f6b6c7869475139736135534752546b7369796f39433856677551725254486470564f4e6e6964627a79516b3961354e3145686d75696f5a746c6d624b6d5a4e64533265664a327565764d6152736374663550706852715a74666138743269314e5634507364417832687a334c5871484c4f716374323131464967505055574e4a424262764b4855754f5332456e72336f635842687346304750687455705957557165433674736576356b673254716a796f354d4a5a777054425a7342316c4c686d365331517a797a52434745736f78715a6134546d5359394458534d78444373727074724b7a4a4d414a57304665346c7069597048535a566334476d316b794c745845366b3854594d5259417867326c78764f627148335270456f4259434c426d4e6f3576706b796746543644664a386e6a59492f6c2f7277414151415177414777414749414777414149414178417869526b51797959647865734b526174666c5272656575716957364e364b67746c45324256426c306b437965414e6976746b664e5553514b62683536437157794d7a66336d55754459445747586d6f4f3247533065614f326544312b4d36754e6d736c476c74566e37764b6350587373317063714432626d4f2f7741546b66596163716b3575504642734a6c635132613748783357747032556851364a4530657176717a355958513662304f484c75496539486b534832626f676a4548496b6f35364f6b6c633357746c56704f715a553466445476527a6d6167366b343235426e48454c5a51736a4b4c584856666e6b726a717646386d5359534247424c79576d3161612f5779414a72524d724941375a4b564b5a7271476f56705a384f724848743676484e4366555857524c7174597156544f694850664c7a4c57326c664f69307167654b42412b642b6f57625a374f4567786c4168735941324141784141424149396751417751706e465268744857736a324d474371676b484f533442375863724e6e6c314b63334a4b33596831694e47666a33706251317057476d32715a465a524b7939343254714d33646c4972554a376132776c786b4139785a31546b71366e4a61584c7274686c39486c794f7555516f5652795a54577441684478624733475959524d7a4d4c506f393369396d4674345666614e4b3267564c2b61716f742f7a3336337756714a587063614930706d464972366a34377851745046304570614e6a43584144636163366564536e334f6e6e61634d6f757461546a645a6b706b49474b775359467559694e6c31554748383772302f537966447974367878396d54472b7a6a5330542f414457303876324e45686a6c2f5030394b4850756f736c5a566441353844564e3573632f5a734a6c705a6476427932447463496c72653772752b7076506357447046666d7350716b58364c7975616a6356666e647562466a4138377453614469367a62505a5a746e6773494d465149416d434c5a4b4343754462644255346c52514752734143505941454d414143414269616b445a3278715659586c706b6e4e745448715a374a634579724157755175696b50545a7133327931564f677a364c64743649427073747163714e737147397a65477951307452553256644a714973367466796f7a444e752b4f34654a446d7573386633714d376330696d6e5063723457326c706c7239667a366c6c7952395a34555554517931776e6c4e6f35794252494c566f317a30674b6b703533517454394a7472636374467462717a4a67337979746879664931377439722b44304f617a4a3862733571576657624d56617663506d766c767065686c6b622f4b784d67556a62706556363749353763706c73395a63635133565a6c32476f336e504c3254566c427a3279717461573562576d4e33752b353679646b35483264584c306334782f572f502f414552716a6b646142774b5855666f76773761486b6c6d47704a616c54573668484831596974364d313576667a59742f586562335a49586c6435335a454355386c334132415674795975796c764e624f6d6851426768735941774141324141784141324141774141424141785561427338754d653269586d3162612b506d355a534b326f6c6538727073484c66556c356e566253304e745334616564585843624d795a44467072793737624366644e764b5a734e554861746c74313630364c41573071536f6c6f30645657564f4b4c5a7450732f65664b4c63625633636868546852543635307131454f3472536b49314e38316e51686556546a53737237734f5571716d32446e6e396a37304a50423349687331454f713050473665463670794b2f313839686c2b2f7744506557315a334b767758506654317364424f713552337650446368377645343832376877686a305172655a706470623047573946344c65784f59354665396f72486c6e4e35384a6e755364756e5462346934544e2b61367a72714566697265586e66612f4b334b6136583077645134693830457447594d504a7a7345346c4b4e4964544a3259466d584a6650562b7762382f737863446678504e374d7248303964783956576230586b366e5652314b587a6a7277654452374c4e43674641676359497867414467414267414e675a44597742734449417157304e7062624b7364425473714776613144654637717356657a4652415245756b76524d536b5a6c626132534c4e697973594e42704d2b723678326b754d726b6d726d4552435372613052553250732b596136356630586a574b36783630374663493777664a6b6b5a394452794c696d6b4a704443722f68366162565a2b77344f79786a567165666f43737a6f6f39476271626d587a395765304f707469747a787631496d4e655a387036467a6a71687539337a693779546e6563362f476473384d346a614e6d30645538756f4e7857586e313937692b31353636334363343730382f4f6653616e714c68376d6d783473722b67376e7a50594b2f556e654c37716b2b745933617563585a346a556846685065714265562f4f795176446475344b5432386d3966776a76647937524f5a6d647650626f6875576b2b526b5168437a677a434a44504e52704472664c5674703532464b6946734b6e6c3663314731686333546b426f366e6d363470766f5371564d68476555776f42344e4b3257456a5a526b4e6a414777414742676a32426b6577414945775237425345417576317a6a4158454e4f313559355377416e576d5776686c5055306f716975746d39717253354856426d3553597a4a4b5a635a326c544b4f61794d6c5a78767066425a6c6b393658476167665842774d737a434545727875354e314e744f4c72685158637079394e744b7130757273477037744870344a707446716b74724b6a5938325175637a366c794738756b533858726d536d786e577231486b54755534516271485350505864315936625638375275583973673532302b7665645963554e62644e764d58684c796e534d58586d304752363233486f69556559794436307662627171553839552f7062677a437a376a78477a432b65572b6a517057786730625536304b726149706742346d444276704f51464777584c6159724b624b714530545279386d3530382b70586e45336a7045556370345742525a6d52704b79584e783371586e36524f6c4f54647331436b5734307777315047766a68305a5a76584e533663754c794e4b316370324e4f6a716d464450686c51446751725a51493967414e6741514a4d6d6f35536a6449655332595a52414445616a32584c674a49756a6f334e69757153514271474732796c76546e494f68754535685a735658535064386e456e70717632764b72316f7330304244373831526f4a722f6a2b71784169772b586f6b5a485235363045377650364746702b45374a686c70312b6f356c763533696374374c6e62793644684c4c42546674446e6e4a4162723230347a324e526973503144686a69487038772b353772797665596e4c31584b3744674d3359313254366d2b3657764336336e626d50505052664c4c49652f345170313633436964626b2b4f7a74766c3670326668756b756b6655384c367a617a667935635a3176683944546f785375726a3353735a707758596c786d475551726952524d347255537873564437487a2b56637739726d4b78787a4f766770585079374f4b72537a71464d73714170653039426f744b515553754b366f38362f6146324b782b735a68744c61596b737156334756424c705552445345744f396e4e456958736a73686a6f65394b64756548746f506e6465595862777550706a4732337a3945684452417166512b794b49415a526b4e6a49445941415a526f5046306d7a4f4d795673715844424579347a525958385745376c744c7a4d79756a6e307936714e3962383559726971514f324e5866387a5846494b76785062616752716a6e36582f522f6e6676705843317478746263754d3538536c364f70512b746331526f2f512f50766f494e6730372f677a723055463079622b5656644d762b695844566c314e4b5a4b54336e7a3075322b69355436445573346978317371655853364830766f6c67647a6e654e354f2b7a2b4b3773444d62726a50625732653568365a347a6a5264337a6a303638663666744f624f753370654c4e6b596f433434757a535172696b7a316b61625538396d3258537642733342674c6170667873476a363153504b3533575656352b54312f6f47696c3063656c366e50414e4c725961327549386c7044585665396a58686a47645241567141574c475a6747356778494a44436249716c306e63505a3432585275554c727a7645316b696954484748656e6e6c726776656e7754517037314f4f4b54714f6432712b3174654470787a6e5131654a362f48574f75316b366333587135434e6a52724d306a734559424142676b4447494d68735a6b65774d687373327a3263536c544b48454b5a4c4951465835356c7651534f6a6d31647068336277316c585856504e314c6a62717434752b67365a41746e6e56517570682b62675279574636757664477a737552343352393279396c78766f6a6d2b464b36653364704e715858616530513875792b3578626a5364513550636f6374307468617678586f654337685666503841313743393147356a7a4f777148442f58637432615238332b69756635526c3748353756454c396b322b5732504e584f5a4f755a3659616e4b39566c77763475365852535572436a71712b4c75596a45712f4d414151414267416b4d722b30776b6a70354e50466f5a6d477a5a714b4b38646a7575495359306d315556504e3350716a43564c6552513362706261766c4f79526a50484f3154574e554d78537a41767a5a4d37463164624b314f3572703833774c6478423675614d2b3067616171493436536e495464703355796a6436656138637a3533687637586d4d3544716d71695175754b4e37627a65673174564b5a62724a5a506f787a41697a31586d644c3247556c76506f3679744b386a4f346e7a664d686156634145435a704779694a6e464d6c70387136747058527976755269644a635268695670506f7644644a6c6267506f334e63786465685a7a742f44674f6e7763485631354c7a702f6d2f71417253307a544c50304a6a52484b6d373544306267513359624b596c4835666c4e2f7a6a733572666f6e47747156796656656a3838354f7033616561756d736d6d353331506e42476a3568364e78754e6e78725255724c3379706e6354685473584738754b674b615758364c4c3574326b79774f543949386e447237447a6a4d44552b5a65672b663663576e6362436d416249434149424148416955566b584e396a72776954362b77326e3056356e2b6d446a6952786463644945716746664d7238513669736a5153593255434d46356f7a325343624955744a6c4c4764574f4a5858306c56446164786234312b50527247614766576368757a64704c504a307a744a3439375978687377576849726d6e4c47764f6b6e56764f6d6a76634939536651756f2b62466c64376f2b4f5733527832326f7745777470573945366a6371653678696e476b68614f4e4d345446646b77446a49522b2f316e5030634f6236705354706a52597879474453674d34306c74484437456b4e3132617853316a734b6247396478796e5a7561383579396c793235776a6339626f4c5048747370304a336f6b6574376c577077774f477471575255656f2b515a7a6f456d786551306d4932734553463254714f6f35746470702f524f583669564d50672f526242326232484f755a4f7537352f77427678324e526d53557730505456573831784e2f6a5a6a6a565a6e47566570366666382f747a6674586e6a722f4b714c513030326a3872307955523267415a62416a4c596b715163656e7a6e5272517163746231544c4674594e7a6144464a64565441304f736376557944584738365a4b7a5659427343566a426d43444962476753434a466d6458586b4563327056426b42637751324b336b6f595359684a35756b306f69454f52517270355a316c7649506f65546d6d4e394f522b577564437133586e72395978782b6a6f34794c45476b61306a794e6e587231716b36315a77336e61497230326a6f4555693653362f4f34314c644e7431377a46616261754245734c53637538705a425a2b31776d68456c3533482b683464336e3672363766797635706a644b773262626438387638415a456249366e4833745a645035302f416d30336c2f6f72415635627a6a4f71795170473748566330532f6f6e6c566236485275476171726e7545394c387939446d3952693538324e6157537a336a7335556368366e79525733324e36767a34486f6c5665384342366c4470314d47627a6d2f536976526c383571706a72324e7846426a7464487946385559456b4c566966456f3258304a694f567346594d534f4f58726b716948684c4f494e70676948744b4557637937617274714a6c63304650702b2f794b3231566139766e5a374d6445717473505364693431357673487036642f6d377131685253715367616b4146695a41734430724d43334f327945526f4342366f414c593949354164535354664a317268746f7245794336535264794b7971534b7554586c4c566863586f3535626b5730523271644c55626d747354713439464e533834777430666b31373871586372504d756b71796f376247636c3175384c4c5a3837762b6e6c754556644e666c36465731476a666d703136527a5053333968787462394b7973696f7a64463472634b6830366d33775635746b75765a4474774843624e6e574d6c4c61792b504e7a37366d50494c5870323535546f7058333435316a4566702b617763416c3354356a54777652364b766d72733170714b4a3077366e6b73775337635a716c727a744a585643385a714732464d674d4544657635674b326d69306b6c576d745635454f49496d5654684d417957314e625278647377364b6475337339736f6e746e5070766b68505465554858356f4f6c32744d4c6e75537139376f3537687974523163736756396e47302b6e61725a31314e4377364d51455a4b53546971326b426738484c4b723144796931723046415a704d584d41624671476c4f736470634c6a367846576d304353704c717657696d744a4564534f62704f766b7439484c4e695773487235454d5336376d366752695669416347532b6c63334d4b4e47625573794570636a624f7961366673367a49664130476f35553736486d3963722b616e5752745745506e375a6467643579394e644b5452306c64717752394d4c6a55354e72302b505657664f43383374754e546b48536c78456947437449414957526c566841724f5a52574a4b7836584f4f4d6d31752b58586b6168456975352b717470644443744b48494e7369553755584374444a636769436e513249324459334262594e7664316d47594b33595a596f6462523258317856644a47475231437a4461656d3365473450526c6c5475326a31726c4345497958326b56526d5368574532706c74677961365845496d77357466366e6d4a7359452b46717456676a6937595253306b516b57386e624f69336b375a3875726337476b496a72704347784d4955694b65536369327172423030634171336b3678486869305a6877686c6d614b6b734b495441596830434a475738372f5635567a7538727046566b55646644704f64626e4b635870317841636e653834327554747652704f4c7755715645477442425170634f7330764e6d7932552b726e53614536773931524a70324d365779454c724c5436446d7a666d656876582b66617162547153346f48454f465a43303670753652576254377a316f52315446717a546a5a4d736b526a645a436f34724a396c746b712f426d78754c736f4c2f4f332b66524f5573336d74535532767948547a456178614b5a384b666a737a793078303145724758707946767571383457436277675638756a42697169614469363647467436686c78724f766a492b5650565370764370493176487171584c574d52435730624b324847534a45526475705a68394d794d4b30645862565054436458543633306543544e6957334c304d7476526554725a7449505534303571784d6a57534e6f4b643344742f434a51526f35616a5554626d715543364e535768677131585068616f7a393556306d32314f525363517054323158614e537730537074534b3142575348575645536c30754c47766d642f69784d31665558443636514456336e59796c5a6332464f526e5859737156576f726b616b33577a4a30497a4441354d5a37436664784c4876387336533567756b5273445645686c7a792f546e75303131436b7857686864554b535264534b4c6b463643587452794c776450506a49317258383930673144494e3131306a49756f315a3154466d317332465051725637536f6c3966446d4e4656614f4858417a6c78496c62464c764855665054374a306a4d4d365a4746433961704f6879554e626247567a396d38756a784d4e4642336437796566743168336d756e64644f7a54484e37334c4c7a734b774e505431504c31395a772b61595853484a3357694f494e64437764707a4c6e497242375a7853786771563146685864454a3962507275766d736569633130484231323263764b434852497473314a59612f5963696635366945766f314535736a62596d694239436e43327433684930557849744b4a57646535534a507138544f7261494a4b4c74587265706371306161696471376478732b6232325a7774367a625935576769397075694b6d6c6f372b456d5a456668375549436d554b5751795a63575170564c6a545a31674d796d615461436779714d4c3251705363414569697162556c3174444466587872656979664f376b334e4a583839397252304767646131625275717045524670375333353562646e4a647732585a4f755a4455703064726b48536479786d5774744b316e7942554b392b464d6b70765754766839507135557a7a326f394378674f45713766564b6552794c5774363430344d7179414d74675147416644495969494d686b4349564a696c74597272427470617432484f732b4e48636e636773694a2b707739744333524f5469747043644c6f5556532f683156716c44687673306b2f426c51367a6c7a5956357a6445554a6a54714a562f5149376247747a464a726b516743386c4248436258794e6e6966544e32645a6a534b7970395a6371306973364b694c387675382b697949626c57624c554e32315a737047386851706b582b76636c64626e4b76786e51494d75376a3174505670344f32505a3137744a7a59443859453332586a6c547179556a4a6155686c4a4c725a4166596449577736326361544a77454c513837524b44374f4970555758352f657a64306b7a693673396f3942514d4b6b4b4852496d6e324c536474715735366557613877394e3141693244616d6e554e6d696b7731634a357575446352705850616736527a38636e64313863316b6376523361303437466875695666502b704c486e764f2b3235652f506963703054432b35785253646164512b47464a704950494a55577749794f414d746743414e6d554f7a6c566875386b336a6d5874504556714a55316f69696736554d6d6454704857544c584d69544870704464625a457350497a544e525639433465726d303174357864304a53705632324536507a456174664975695252316f4f6651346c54725946516d4e6e454771736d445a7541584966524f5a4953576d5577636e7a386f5262564c753668586e73653370717a334759726b6736444e366e4d454e754e4f64664c6f4d79625850304a655975637346452b4d7053394a7363594c47727a474d41726d756447534351564c6264324e70325a745857305451375a5671564f764b4736772f313852536f6d6a344f326967366971686569314e486f47464f4a624a445561524736496c63306c7a3063302b58456c7a6f5247577a54536d716f52746c5366516d61452f46396f6c32476c7248447975687671334f726e577845664355335761636e4a64536831334b4a6465764f3837317556365854657279356e5050782b766c4e46676336564a70464a6d4147556759424d4a5673524b4a574b3870622b6457333630646e486174563646615a476244497145367770424a62444c7563394c536a7157343742386d3355706361504d365a433662524136474e5732694e615631786e4a76476d61444b326a444b733056454f495a316a484e54415a36796932387155563754335533586b626155646d6e4a30716b374937327168617164316d505234424b31444a6a326453306c4d726e645a6a756d4445694c4a4a7432373143366730716f714d30314b4936346b336d64536d6172396e4e4261724c4339644f57493239545764416a5231525774312b58316b7256464c717170534c5a7346737139593131347939356b2b342b663259614874387479767a50527a366a753572504b616b2b336b6f4b4471745356357a6236466531566457476835375a4b5a7334504a586e3958315368375a3459613274362b57786c4e32666c2b72436a4a716b326a5a3563696b656e6f792b6d7444574e5a67645850743966793356656633566b713952352f587a544d647634663170537472746652355a48563263563548615771782f54593673717577777547336e504a3977782f30486d5976742f4e7574635851596a536645376f38576655753347586d6e7674766e49534a4c627a61456d4b4d6c414a574a7063744865557473685543346e343439397063627955714856794f754d6831532b314f52346245754f686b745052574536327a3835355432476e71536a4d7a586e6d78647864467a396552626364747a55363763504f4c426e7955704169584d495a6d4c5972536957464d70615270735430365852674b58515a735a494a453661466b32513550316733526f367947366f53326c424e6f7968783552646a6d747979304d7a4c312f46364f3772715a715855777469783675614162735a7459325646636f30783968506f2b512f6f4b717750476d79675277747a6e5a4b336a4464634b30354c396165476d475a5570374e7a6e506f7a6272513875702f483972746b6a69694c3858545775656f764c766b5868726b713967346f2b6a713571305762585241706465396a4e565550566e71647a7830347631647a6b78537431726c624358465a6478475932377a49383949387a733756463430625637374e3838484b766f664f634b676264526d6365734c4c6f616942436f3170595a7532793345576558722b4657724e774e5877623670526f6b6157317a646b5a69636e6e7177715344722f4147656431376e6c4d535a436962414f4e656a3569314a57366c59516247566d594670585046367374594d6273334d5379767a556d707a47785674726774506c5536716534704c4f3346557651314454425872594f7a71787a6177674d76445372697330424d534463775a644d657a537a7864634f72756c396e44476761697270524c543733567a3041304b6f64655a66334f6834656e6b434e6a4d6f75526b366c624c7a2f6f655676416d425930612b6d4f5a736464613833567976513273666f68523032324a3179476873464c5643314c6f52744d514c2b503252664933583464342f774177656566594b3742496c54647a65636270476b4e74556950654d776e6e53716f3971584e364e65754d78332b4e5a726861616570565874617069484f64777134576b79444c4a6a374e705877376532575268577436676a474f5873617156543267437447714d2f644233324e49787a396d5567625371532b487a64356e2f4f2b6a51526f353742356830416d33576354645a6579766b347a3263436767315967414d514e514f6a646d4d70584933644870475857457572357238374e3836533174624a6a642f42586d537263396831546b736d2f4d694738306c74525332725533696a5053635a317470734a4f33532b57366e4a63505a7037336d3758712b564c654b2b665975592f41686155626336306f304b36736f567933575775682b58366644365073396b79594746314975586f356e5a6456706254783844667a792f4333626576394c6b6158476e55575a4473546c736874636e306a6b36716c757565363430552b57356c7937726c373038384857325758354f70716c31645465645362673649684c6f594e453654434f6c39426d7748554d6a615855744e704c6f4b4e612f4b36766e36574d70304c497a70584b55353263534c796e74755473706736766f6b7a665539374b746c6d6275675178446348547a6f4a61586d44516c70767551307447784655526e596973444c64755a3844535a31516155314d53684f734c32666c584573316e6465664c3647465275367a69374d737454666b2b713748655a4943796b6d646858627146372f41494f544c53527550726f3154592f50644e3752395135756d2f78637a6e4375576d7a6d68716d3979335a4765586f3832576c347434627a4636714e5163774f4c61657035555257686c394d4d6d2b4a617664775a5263665a6a35564a5a526252564851736b4c584766733642414b62513176647953374377645956645a623039344d737933556175743478625874726a6a6e54594d5a6176344f375557484e5851656d4d344c5a7973715641617a58554332747170686d33346e66777539643548752f4939435830546774324e306577356f6f37593648694f6b35626154527359384e3043693538783178374a7a436f724472484f4b6964634c69566d52654e3078426d6b794575465657575a4564354a51367035527739654b31755771712f4f3943746757742b7035494e334f61664f626a514d7966476e654a363451623155755637366c714c74446d36585a5a506f6b776c3475694c4b586b4d6a61585364476b756b386d435768704e4534303854435646544e4b6e4157685256324f347873714d367a4330616f754b62787655573477374b736c61494454366b41583233785a6b616d7a5955574974616c6372334e5979334b2b337665556a67394430577a775451654c3666574b7245505374304559476e6a30564e64437265376e7335574e58546e314730772b366c3036444d78364f7361584b363969764b6572743942355074564e5a6f4c6544386a782f546d2b7a7a38703162433667746e3866316a48642f4a6b4932797a58547977336b795a4f774c6552654e417136674d6d62636d516648395851624442796f64557036696562584a57742f313876506f4d2b42326353747a67744a7764745247517676345161457374787465665465507533464c53446a37614372754b534c574f36784730746e4453356e414d416f53375732692f58316f394479376d42464b6b547336776f58743733494a6a30396231486e77764f377653742f356230304839433466434a704c56543854493571584d6a6d4c48556e6f465842515236426938796d7054585a324259326e69474e666d2b376b79724e6a517175696a3535646b756c4e764632473357367853302b30306d544d7163796a5362717061564f68734f73417061636268654a585755447a4f2b4d34323979644b5963747058366d456a376e345230304e45506b6b4841776f35736a47596a4237456f4a5947434d3469536a4d346c394730634f71537470754f596a7a2f5336374f346f766e364f38772b4d6c793336376f6650756c344f337355484b75655a3647796f466d4e47734b70327064343130664539734d2b34316e757669753758414f7444704c4f41634a31534d395036754b766850326e5065524c31477838763138527a76706e4a6c326b304f49762f4147504b302b4a317563342b3750364f67302b6a6b333231397645535835464a743757464e34752b4a47367a7a546e364f63514e776e6c364d7a62555a57533946454b4a6576356856593670716b6e39504d67424e7564534646695354516a4c737164453658574d7561766737744b596139667958556f54732b714b574d6c4c4252725a7743527a646170475852786465337236376458544b544c394b55723561795974676b75707471525362615452535153704e4a4e704d55674642564a6d617a634d52356b4d795168614a50476a536d4f4871713757706c6358594779554430637948326678616b6b5a797a624d71744152696f304c784d456b685951357370436d69475a4d53556c486b417153496a5553684a6a4d685355356e44614d687749536334325a6b6e4a686d6c577179364850664d524e6b6a6c364d4d4e73334f75546676326c4d57533944673763485a546562733537724e31644c584c7875714b354f7a68737a7163586f68694c7655772b626f61714c78376b36614a38542f4f706d594e7a4237654a7076525676584358724b7964487171756139476939334c693745536b666a38612b44383141567848352b69444f316a6e712b5651533746486278776b7a6d6e6c426958415955434a38486937304e754e78737a48655935756d394e74666f2b635348454445526858536b4a56695345546f6d72744958463179746e684c707a6f786e44736d6a464757613754576d52594a6875426a62553369744b513641323130677061446f6a7132334b494b367a723269776c5355566d4c4d67386e54476e336b424569537846472f2f45414459514141494341514d4342514d4541674943415155424141454341414d5242424954495445514643416951534d774d675641516c457a5542556b556d453051305254594846692f396f4143414542414145494176586a2f565a2f594e7436592f316c62414d4e31646d373864377a58494c50634e74696d637857774d624d4c37312f35447047633766656d6e6f66714c6c33626357365a7766626f6e327361337344314d36424e597736464e317553686577644469702b2f6f482f7743675a36663676543356343232424649796d4c4a5935725075466c4670773769674a736c6d6933484e6446566d7871374c6553733546566d352f71507572624572745275396a3157597a5a704d6e4b5569326d774536704d626251626245615070616e473670363254762b78794d66764f2f37306a482b6a42784b39536e386b66634d707146617973715470726848446f4679324772577852726d586f65546b544c445455326667395761514a625536484d30374174735a6c4e64684571314b2f7961384545453130324152464e575246324d4e746c67303352564949596a2f56392f754b75372f62676b526454637338317550755739444361776b66543157666a707162554a527274395a4f46314c4d773346724577494f462b7075497341785a51344f5270323276687236746a4178654b7a7464684a593767796a5862543739326a76575756684f332b6e372f73526a357a2b36372f5a417a2b7a444d4f334f782f4c54334b6d5a795a372b586f7350734e4a34647073566b4f5a56377a74503145624556672f354e616a4a736a655971507572746535647258303666614174576d526a3138767848326f63666c5a714b6d3973476e73596e59794d7666384130674250376e42786e31415a68475039446a37575446766351336c707a4e6a33437168756f31435a77797572495a56377a745a2b54736131494f51564c645a6744756c79646a64794b7534575a364755366d326f2b3276576d31506331444d3373737073722f4c77717165772b306771634839336e2f3841516145537734595531625149326c2f2f41427575724861323238644838785a45773436486d5552374c522b5176786d49315439796d444361523333565464586d5948656449474d363539764d2f5a77744c524c46666f62393951696167427378725576514233306a4162366158754441472f6179346575734b657055452b326f624f7a71624559513950414d52322b7a6e2f534c31494531476d7171724248376744507236667346346e72424336316b66444a713163345576552f516e533148732b6d7447646862564c30694f782f79476d7068504c4164685a596878446150356d6d717a716a616478457976666253304f6d622b4f62456d544e356a4a714b6a316f73752b4c724b484876724156775a5a73596441672b4f2f6455677776647454516b477433416b585762337a2f71685778557350514d6542596d635a32627639574966464732746d6356547276693049423754572f484f65396534314468564d35554936756c474d7736512f6b7531456e5057656a6e682f69797433484c5a425a6e382f4c716677324f6b3550686a5855657a557349587462757563394f7356535974626d62613036732b727058732b75622b4c584f5a6b6d4c374b66465564767866546c507a707172592b36354b7831544248373750717a2f414b5148483754543668712f624c6172643235467631475063747536764a5046734b7730576477694d613245717561767042665533643950545a3262527349474659784f536b2f6c68442b4a35556e6d4c506b50585a3361672f413372424e686e3031376e574b4237573164706a574d33667870727a376a687247397642742f79556a546e38547a45346e634148554d692b773831694e4b7631424747793232744437716d7073555a5072774a6a2f5664503841556161784d62533935714f496c31425178744e6e7171563262476e6d45486372585a45724b50472b6d2f74585669636c566e63365a542b50455547473556417844777444582f5736784a7a352f49366b6644584f5a6e307056592f5a4e462f2b546454702f774142666554434b33366e4b3139307452675a623570446c6c3153746a665a70366d4738616169746a416c6d37725a712b7056714b394e614a66703271394f665269593941482b78362f75675a55426433346167596c5851354f6f4b64434f4b7745796d74526d456d736b546c562f6244556a646c544e654374685344556632555270784f70794f6d6666796a73646c5a376567416d5636523237684e4c562b543276742b6e677366646e3468785767596a552b2f4d6279392f566a70376b36707032747a317455753351416241476579756e6f65595731346c2b6d733645496c684f46795647316a77626473545432734d674c6a76596f384d7a4d7a4d7a50676652332b7742364d2b69323765716a7833394a33396544396b444a6c7142446a2f5371785535443762385245314b39416864736770786a715071722b4346334f447455744c756f44546d4937345675733438484b756f32376b5733474d35526f31492b4e705876344a5537396c307172317357367054684c7374416f686262335666706b6f3775473939656f783047326d3375616c7261484f306255514b636847446b673358584276654e536c67785a355a4431716f59683845314f7a356249367a55467a37705471726175336d4466583732712b6c75682b31332b786a7872616b49322f374b584d69736f3953324d7563663656526c674a66534b6a305a3259414830414362444e7048677472723272316e2f6b793157484971704f37424675772b35384f53567a634d5a663234335634584d50734a6e49706d30647074496a4b554734466a6b474c707244314f4e50563347703364465a526e4a482f414b507450564b7779657978645368797933434c65535064614e4e6e324c6a5a6771672b4430374d764b7545595831666c587169665a4c56303072494b62534258574d7862566447556d6e554a315772556c7659624670567867314b345574666551665a703965463972334c533433557470375647546a31642b6e3263775445492b37302f7742586e30356d5a6d62794a79483551316b2b36725455464a5a704858716e6d477236486e726638365571335a446e6a5977324b777850654f315964775a375768326c4d486341424e2f5470317869576d78752b42426d4275754931544652784d74395a3977746c6439754f6c6a3074325838634d6f2f38574b6956734147446e536275744a356b4f4844574b6d5a6c79637a7552683356447467747273554b353077373030373162366a386a76426a38592b7073562f642f31375678504a4165356856754338546f7a566256494950707a42396f545067524d54483744426d444e686e475a744d7766336d5a6d5a6d5a6d5a6d5a6d5a384d2b6d6934456257383162552b4a356a543272377a6f366e36314d6c3142687459647761335053374258494677454a4a79527957447674365a6d506b45417275566a2f414856586b396252657333744674487774396d337137306b394135323462702f453756373150744f5961644e622b4c61652b76714b77542b5a737450514964676742326c787a65374a4679326448616974757464655078417239325374673667756d7054334776556c7659316c564657476e4879674e5969394f74326f7775453247624443504177443759385442346259523441342b32504263514554704371776752675039466d5a45334362684e346d3854654a764546674572314e5272777731464c39476132726a396f3176384162445333537a52574a31546c73586f777456753951724852757862496632346e7557636f68757a466450686262424361724f2f305650522b716a492f3946534f395446446c754454322f672b6c7554724b7859336469344f454177636c634d7745744e7153752f61656e4b746e2b5236394f76574e3952426e6f6977625755682f4c327231727173747a47314136624b7830473732714e7a7665326f66616f5554594979526c4d5a43426d6254334f4a6a3767384e6b43517047552b6b342b77733654744e38354a795174436632647a306c5643654f635176754a4a6d5a7545337a664e356d544f76323854457834645a7673455a6d62764137696376393730687371323541773032557644706d2f6969494f37686e624a36446f7044347a4b5376584c61596e717057327339554c4f597a6c4f6739354f584c2f45664e616a484a2f616168683250452f3549794b324b774275364d773754365467437a793167363156712f657832647a736e4744306967314d4e74315a6549717030475a6d5a6e534c6977356c34575938444d656f51556b77307a6a4d326d43434151435770306a43592b336d627a4d2f756777414d33436235755071367a613034336e453834586e433034476e415a774763426e41303457676f734a7747706454672b5874784456614f2b302b485837443755475a6c3367777659746d4373374155666b7a3775542b31662b6a59366448354862746e45364b417a62314a6c647a6a7354512f35624b45366c2f71415a48614932477a4f50543264754739443752684231397a6e4c71752b4677754558636c537a6b4a5450687567627759376a74426248596b6d415445327a6a7a4f4b4454695051767761544251596d6e7833397332417a69454b4c47417a424159497736527831682b37695938635445784d4363634b47592b36576d2b626a36416a7a6961634d34566e4773326a3777346e534c777630467162464564305a526a6356377456512f35506f73645161524f4363466b4e5472333843556e566a304f784f2b354446646832352f68796c445258725134516762736b417444744a364c615647447430377a79787a30364162554359366c74304846596f567a7048376f71334537592f7742506f696a48556f41652b356d77716c74767458444f32577a345a6d5958784163435a38524149466e61636b334344724d526d457a31697434465a59766749444f534e316a512f66784149464d784149717a69426e41706a6155523653763244303737346247506741544f4a6f4b684e692f7338453974682b564b6f595570636277707a6a44716d3442725643344b4e594754624664316d6172423733307037706b723333417a45476e44676d4d7243556b434e5255304f6d662b4f787334672b6d4476366d412f30536339634a59674562545038417839366d4b6e747a59535836446f6f3655344f592b6e74376a6577364d6e624d61356d3969396834425879494e7a59564e675559447343656d5a6d55557461304f6c6f544c45306c33796c6d6d747247546d5a6d5944466562347a7a4d55774e47736e6678426d5a6166444d33544d7a444e73325172364d65696c3152777a575076637434596757424971724d434d4242415a756d366235635933706232392b5a675062314d434d594b7637434b503353574d765a4f504d32386b435966455a5633344e67586f564667326c59724d6e626c5278687a703839612f63735638645276624f5a763841374466316c78334f6f732f454134373957624562365853636a514f73557566784e7855514676795948637757574f55396f332f32746e3946327839526d4e7254622f587667424a366c32734f4a7646537a633243543455564e612b3050596d6b725651393573784b4b3152656c7a6d78754a62614b734374442b6e3242632b4f5a756d66444d336d5a676162707567616234787a36443654443443452b6b434154624f307a4e30336d62706d417a644e304c474d5966416b43467076596467704d46583934412f6671374c3246344a795268344b78754d735651324932335a30523973592b386c64346238326f2b5561696b396a706d2f697461562f6b345a7a6b394232322b334a56544264385172533034464a3662686772574146373436626d582f2f41447a487335585474416c5650754c6655366e2f414e44744b2f3841796d5764706a48525252765056716a43754a556864746f72766f30394a6d3537517564526b6e433655367265417464366f62414e4e6253784c472b7a2b437571705874672f546b32773057626d555450324d7a503241664845784d656a45327743415445784e6b347a4f4e7078744f7668316755777244476452433550674b7a416748377232375a744f4d2b6a36657a306869765957672f6b697130326538724c516f784552434a38773764755274594b4768732b464746366b764b5679435a596c7563744f52766e6a415465636c75674746693958456576656368713358756d2f4f4666596d4a315935496839732b4d6c4e7a48706a48525332775250616f6d345278753743335a6b56313566645a5a5a356744634531573732503761537156616c5473323168487a5066547871463174664e6c323156624a39502f46564b394c5545397830686178396e377351654f524e776d34544968775a6754704e304e77375335756e584546522b516f45784d544837724a3766624445646c742f76634c4431644d4e696358737a4149396863396367646c517431503073394158677678476574752f30612b737a76366e2f414e4b32456d3549475078794f49316d794472314d375276374942637a7437564a3243557475636b35496d535a625a2f4261417a4e30753332663442665a576570744f336b4b462b504c487a644a79614c43617a612b352b4937374e4d2f355372547658546c624e53314c717054395157315342587443594675336b626241724873796c54672f617834356d5a6e37475a6d5a6d365a6d366270754d335464477341373257504f7354546b392b46523232516a483238656a342f6468694f77742f7664756a495538636e475047726b655747745437417679784f5a55634e6d63565451365a763472525954694d7752646c5958354a5038415763542f414e775a647030586f4f696a4d6469783845765a59326f36644b39786241737945343674316c665268637a704e4d784f356d7654554d35644b4c4c74324a7573617a726657626e3370707139514c50657a6c5861353745467833536e5469716f737a2f3966546266445430386a696251766175704c4c58647239474463416830397535674f6f39655a6e31356d6644506f7a4e307a366a623841766a3856725a757056565762706d5a6a6e3775503334596a74793768672b6e4a454464637a646b39545a6a6f6d38487543506a366b6530714e6f5874314a2f724d48396b6e635972625943414d786e4c656865686d4f4f706d417359456c6871474b6d4b7a4e594646795747734367506372594e6c6c6e614e67316352387671562f48612f4873526d302f7744685a4e4b753862505a62616f477258652b42786b483361496577764e525934624d302f366b71653031327137745a4b42375330616970377253563044464e3032746a4d7a4d7a506a6d5a6c4e59336a6b6171717453562f36724d51356f62444d50764d3457463933634b57695668665566577541774a745a5762492b33556177547650662f414559786e71312f743271754a6b7a4978414d6e71546b7a7430697274366b6e50706f72786d786a6675664d35772f3562782f46554b564d7943353150586d646b424e444838336654336269795663677a76714a724c57756164505a314653696857335641555673304c6c6d4c5173316a68515070314b6f5a2f6136323136554e59754e5267626d536a56617057326a6c32376c4e4e74527247436f61673531476a72347662665278626653685370643736653876647565772b7734656a65564d347a585375504d726176477a6158716f7265746b4f472b3031763964346c587977782b777834342b356a2f414567684f5a32696a354c766e3031566c6d6a5862574f7a464f5064394e4d376155556e66504e486353504d63693964354c6252596c72497645477444594c626d49416356754e6a65575a546c64764a5973316c6e52556850536143724e3236616b757937556667734f3036576e6a334e4c4c52574a70754237415263446572374e4e51334e746133556d6e386c3179584c744836675650486a78564e6d3132665443784f53564651516f6638546a5a6b676b6a4e4b3570344f5559316d66345542797065336a303555346574307754366977455a7959716b7855432f63784d66593654704f6b4f494a69625a736d32596d4a744d782f703266507041796352575650616548646b6f717568393230735a79635232686a5333355a52656971757857654337454e726c524b4778376d4f6c6676576f634c37394d6d417a4e5935657774506d6151624b63786d504c76504270374f6f32725852734a314f786a576154554b3373566c75666131576b653468393737487774756d705645637a565958695565433454337679745a62754a77314875553753424c32744856514566387471635a45466c573879357944374b62485a44754f6d4e6c752b6175763666674b72434352347377454a4a693135372f414c4c506f7a364236732b4a5566367568526774477373796371566a5a795a566976615761685879564662316e7174653568504d62584f4773522b2f5173466c69573756346b5a693442624a59435874783059674d516269424c3277416f5433563473476c3635537a42624d4770522b6c6a4f69564971756d6f3346305672664b356a4a5459656f484870444e522b532b43714e70646c484b6a515941397077644f437a324f3737692f347771687a7642544241354547416248585973726137732b4354376e77795375305650307462323544334966704f644a6b2b783277534a3369706a374b6a5037504d7a4e3033544d7a345a6d596675346d4a6a393443524261663562302f6a574e7a43587536746742386d50334d702b6d424f48544e324369764d72776f65794a714349624336354e5076366e557675667730693563744c62506630616e6e77555375354365544a546335486c724f355a532b325a31465239313757464b784f4b6c2b6f75436969705463667147415a7a4c624e35774b50384147776250394d753754775043337445594269775a4e6f36546b43594533673177636f6a5a626f646f3234425461787a552f4a70316e7458443261692f633373524337596e41796636504d7a4d7a5032387a496d6653422b394631676e4c38784e7037334c5a6b62565a697742622b6772385a7847386f3363737541732f43767871396c4d5461586a633648336232343930545a7443324c565372426b36466247576e55326267737573504c694454676e36656f487551527572744662652b42594d4f324b6574626274777a67466439454c44744536685a6141585a5346325134544f3446535450662f4670685232744f78706f37765a5a6e5558636a484664653771576f726270484e6c4b355255573953356653735077384d663651516a704170506268734d5853585479702b664b4c4771712b44525a3846534f3445393230526254325a6d426d3966685172522b50344f3739384859646a63353731324c6e71394c4f53793171363774797165515a7662735042526b67522b324a674968614a71573753786a306a56726363685565745744626a534152567142617779376879366d7569344d73314765586448737a6e46483579306776686178757259515955346879315054474f6b7150525a662b5256555667527662756477323773416e622b494c625a74586f52634f6d5a6b7a5330697a4a62715059692f47356362646f71745135726c4f6e3937754e525873733863544869546b4166764d475969714332436d6d7037683971396b76596433734e6e594f792f6c75717a314e77485a74537335612f6a7a4553774d656c68733753786e48666c4d57777758346a33784c522f6f637a6530533348646a6b35384b42317a4c5445625a37546a545a4441594e6b626c54387576474972426349395970424a51355a57326162667967473576715034552f6c4c4d426a6865745a4148535a49713659376d4c68715143344f2b4b356145673455684e674747796d57436e76473667735863744e68786b3652735069573445586b483562686e4c4d35724932735759677937337234356d5a6959384434592f61694a5259335748546f6e5630465147563562413354656a39794b592f743669693755325a3233563269736d4d396837307059374242562b6e4a2f4d365454373155617a536352334c6a77306474464b457462726c63625631656e754748664530317070664d613276684e6b6671784d6f7471434662436a442f41457157625a7647593150495379496a6f47336467374776556e744c474d4e61326e495254556a4174684e736f647a4c446b6e7770377868686a426e6a4f502f4148416356484c6867777a5631726c6d6479594c6a426d6530327550794a3669463145647478694a6a717a343278447459475031584d4737386c424a334c432f38674773326461396f397373554b78784d54486a695939474a6a30346d4a6a303759424342344c5337594d65696972473557346839506c634d6437756b7a2f34426238776164572f49566a54324d7a2b645a76616c31467446594b615a47757447645a704e3433702b6e31415a734c755079486e30424a6c32765a314b2b6a51317158334d5872594551364e6d734f462f54422f4c5662617a78704d65425254334e435136632f42716351672f7743697a4f526f6c6f787466627038686c364d36354c754431502b504d556c52317273583359636a77704857454863636f63566d5a3678657454516e4853564832523277424f4d444a48354c4759355a5a757749544b302b543050667044336c543572454b6e73716c756b4f4153737932376f6a4243575a76634f6e6a69593947505269592b7774624872427479735333626e4f77466d682f4877585535714b50794b38612f346c5a31466f776f2f54624f6d3537745256394f4c612b384d61373165726372496e487465697056314d624a45392b6c54637236323568696144554165772f714675327659496c4e6a2f6975677650665461657531797265543031616c6a5271425861544e343235415542635333554c57476a6e4a4a384b4e4654596762315968715177366366426f635171772f7742466d4c65514d46725152474b756e53726f6a512b46507a474f5445366f5a323651453744684f2b5452324d636579452f5578462f475a5847537a5a6c565a4f44432b5a2b51327a62744a457358426c4a3769644f684b6c3978797858757a35432b337549724c75364d4d4831425a787a624d6661434d63514a7337413478474d59396a4f58744f546f566a4f6f6943797a38664b6c67786d4d5454576d7038784c555a7477317968713930703043756f6144534b4e3472743546596836724772634d4f5a4c4b7848746f326b4e625552377743515a5a5931687931565a7364564848744132367a55415534465974335a545536707a574b32693669315267473678752b696f48475762563655314849784e4f3931625a58375252544453734e422b445734394938506a3933766278716a647a462f413478452f45786a38436b782b7455446e417a586a4d73624a694472464a327a365a475970582b585548725a2f63513459516469437a73416f6d2f4b6c4474684a336b5159363537724d7a506f426d364676737143307252446d665058663041683751744366615a767a4270626d4757754659494355576d764d727163714d4e7865614f2b775530556c6c305770343232747237643768463074746c414f354335556262394f626e3670704e4f426d6169774777374b6b4e746972436c6648734c554e794661312f54377a4e4e706d714f36624f6e755339563142614731425562425978646978784630317a64764a5841694e72335832697179375576735a4b716b4f4a7172654b6f2f66774961304d4e4839476c70676a772b5033774a486772674c695a79596e55474159366d7166774d5a5334557137455a457154635944304761385a6d43324d4a3157466a7447546e62344b637242386771346a4162795659375a33474976527570364848686d5a6d5a6d5a2b786d4b4d6b434d46326942736547365a36474e594957597853564f516e4c63345761725172786770744d6f76656e5474764a36796c78647371747330326d6f715a356f4c6c4462472f5562656f72476931657a325035326852504d4e66764653667079647a667470747856767359796d6b56314b737366417844625171346c326f4a7064556d6d7065796b355453366247527172527a446a30327046797865704c54573031734e3430514331356a466949394c586c655157744f56707a4a4e366e39675655773143476b7a59332b674445516e4d724d4e6d4d7a66304f46473478634139474734454c314464534375347748724f682f49663144336c526d63516a424d492b6c6b644433396d656d33424d50555a6d5a6e3757597173786a3070576d343159795742624d7a43635465424b645064714a5a703372734b5479743230744b7630367831445371744e50716773596533455370612f782f556274316d7741456e4154523667397456356a69555055705a314131756d4e5a337a394f703350764f753032773731306f536d6b626a7145397771476775593561797361573149327575615536666c6f4c50596a6f2b78745051456f32485561626a7441693336616c4173387a764c436873353671374a314276745066635a6f3954786e615739324644477647477a4d7a6b4d33774f494c494c476e4b506b4f702b2f6963617a696e473077663377646834644e6b55396f51637a646e457a32797741775678304d474d6d4f4f7351345068594f67495450786e444d49464f53774a625a6b4b5a6a37476647756b743347656d645733344c4b76776166453364597a6c7677784f6130674361576a5a5572545833446a43445236673131747665777335614a2b6f454b4d7071373733434457365931506d4b537241796e56697971505a70676d7874477138373762643749774e4e504776484e63565376624d6d667039573143354c43764f62724459374e4b613264756a66714b675953766b315a4c78377451435662525562777a7671644f314c545155374b39303131436635416d6e7466743547374754625139574e30303977446655554a6a4b375a6a305a6d59484d336d62784f5363686e4a4e362b67444d507036594d4a546a413942437a416d776d62542b37326c65387a42595944306e74494550637a4d5a757675632b337755354547636d4959777a3777567949446b54654d344465373365724d7a3472515231692f4a6d372b726d793569394b784763415471786c543653716e6a6176517661547448366274496d42743348533331387a377631473374554e70693653397531482f5579316831506d6a78437651366364396278725a73727a4b725772594d4676727432537873726d635461306c352f774164574d5455485555485a433748764e44547831626a726155423370546670366167733164394e7543744f383170737571354e714e715676716261637a5236725a374750754957577257366c584e4c63685256304e356c6a586165766a4f44345a6d5a303863654857645a6d42707661626f486d38774f5a7658374a4f4a314d43654f4a7357636334326d435032754a6e5071796573447869477a4f34384b6a38544d32396368616c644c494f6f6d37724d4574462f71645a6d62706d5a38517050514373714e77374a695a4a6e386f304c39464130326d4853797a58374632317053686578566a5730496f4138375570624c323258313238614b7a4f41463039536e336132304a596970546679315a46715650587350366567426470595836595851422f632b7372717166596b30313571664d31743638413236653830766d656470424a4f7031745671466644535563746d497461396a7442664531756c347a765761545663527752724b4275593361756d35646b7230424a3978304e434b576253334a754b7552585770616559626d354256656c6c652b5832473277744f465a777a676e424f46766731734a31487078417559566e5877366547586d6637337a664e3033707478364f384178396e614a786963526d7876336554344963475a7a47474536412f4d4a4759564c4e303235697864726f4444562f54567a624654704e73784f4d714f6a6e6f49573651455449436d4b6a334e68483072306857667a316839714a7061392f774258576d73576261394856793343612b70474738555861656d6f4c4661744c47765664633172424631646270616479324f7662653030576f34374d486c7233354e757370513556324c73574d4566512f38415858476d70354c517331656c46715a556a7730756f706f7268313349517464613264516261676349645a706546736a77304657367a6362436b314e72584b457158513667776d7a70706e4836636e794e4a566b717464564d4763644575414233637335566d394a37444f49546968706e4869624d7a6861624c424f7668764d5057596d445063732b6d30346838477468316d5978776354664e774d41367a5072774f6b497836647334316e4444553032735033517350574b3073594d454937694b544e7967524836625a766862506875384b786c6f374c6d4f515a5a6d46734c4275734955563031305669616e6b31466e73537071484432576671425034354c484a5852734e4c765851564637647a613354626241797174497034705278366531792b7131565671625a562b6e31736f615766703637584e5a474a75506749756b7661635a30396947772f71622f783039524831575a45416d72305932626b385030394547624773314e4865553363724d3633426a57323754616575374f664a6164464a4e2b6c6175734e586b796935716e79504d496154624759737861616257657a4667314e436950727166674f4964706d35706d636b6f625435392b6f537066645679764f597a6d45354b7a42742b504d6b49564f377267624d392b4e4a772f38416961724a736449647a6439754a6b7a724649454e6f2b6331474d712f4759474d336d62784e776d5a6e37475944345938436f687157476e2b6a5738362f754178453354494969354550392b6d6f664d5a6a6e7178795935455a6d6339617a7459475758316a53623030576f4335526a5a52786e6534415934727876476664747a4e5258645175394f5679636d6a554379724d31464b50567449707362386147753036653862386447717173316a4b31756b30314e544d5a2b6e55354a734f376a36472b7732324d306f727a616f626438526269622b4f48666a4a6f476e7375594f326e6f52656d71306e7333567a54586d70357239514f4e5656484b4d434b74527a624a756378366b62556c4950303672355853562b374356552f477674366973656a5331716f4e396839374d376c566d77517a724f73367a4d5874443464594e304f5a6b7a6b61623575534d616d3769716d436a4a3650525968393232626644453677645a677a724e356d2b6235766d365a39575a6e77783643694765587a32386e62676b624748376a6b4f4d5176417a4343332b77794743653451736d4353775a387634727048625362356f7164396d547171654a2f485232324d6d7957426d52676454707a533249727376616e666259717a4154474e6662757332436e56734b6947476d315262644c613952654551762b6e697443374c7172555149756c56395378354b77712b32616e55467239797072464f6e4c7a65642b3658617a66706749446965617357704c4750366b385a74784a696a4a784c7444394664716f57594b46704331716f747643564d3033484f5a52724d313753725947426663315133784e4562527650384178395945314f6b34756f6c46527473564265345a6857683843632b6f4e6941356c48366548514f546f744d73545361637a2f6a716a482f5450364f67752b486f73543875776d5a576132364e676273546a4d5a444f4f464a744d77664850686959506a316d347a664e346d5236424d2b686165356d414d5374734e695037486c6f584d34554c346c326b3258477462644466576345717939442b777a363978453879657848756272724872396c64644f6d73742f47335176536d392f2b526641564b61646739316c4357376848557178426d6e344b6141724a65746a6256316f33556e64562b6e42314451365a7141316c4c617138393942616a446164646639554156616e6b717a473477674231566a587171562b5376436c6a5272525456744664392b7062614b3946703851364f6c773444314d6a37436d6c58792f47664c507a38525a61755059626b434f514a6f363233683539654e566172506568316d6f6a4f7a2f6c4e4453425675494f44744f7575337674476b3158456345573173385a6b594565432f396654356e5965424f6673417864585a78697547347a6b614335786d6562744538303870312f5169363178754f334f66444d337758764676425075735246413237716a4e6c5a376349794931532f42716e455a77754a37784e303654624f737a4d724e7377776d357076677345337a4d7a4b426d77526a67744354383963797a4472302f4c416c314972725268706b3039715a73747670462b597538324f6b5452314f724b582f53717a2b44364f775746413946746635666448707a433055536c366139467658755a534b7161465536726c31525556313664713736785a655857706d4f6d626b71426d2b6b3673372b476e4b714e5a707a532f5369343157426872395148324b756931444a6c494e324d44793657366d78414e43745a4243364f6a4a3361776f6c6d7976637848576935714c4d7a58616854557171464a6d6c756f6f72397a362b764f5551324656786452593737673273314f634772544e6253585a673462615530692b58324d314c72627878616c576f56787239716c53742b6e52514a7175486b7a5842502b527378675532333669774b6456707a552f686f3954786e61624c416c5a6561536b4f355a6e734e7468734d5a766a375168697a2b4d5066775939505574503079375239597a564c584e30794a754d466a7a6d507a7a724f594545514e4d6f557844587052547550462f5251695961662f304c6e7468684d764e2f39376b6d31444e72664762424261594c344c515a75365450746d6e43714c616c616f6d706e5a4b6c4768646a744a6c47687458446e544a6476756c70764649734769314947385071676c78546973307a5641477a5636616974566e442f566d6a76515a6d443967657250686f4e4e54666e634e48534d34313344565546536c577473565a37617473764e743135644e566537566f6a615637515843646379783956703051797a5557322f6c556864776f31656b4845436e36645468545962623170526f746a4c5a756c64707339303146723170766e6b67315a744c342b442b496d697452587737594f45477630332f31566d6a315777624847716f5564645331466c716c46354d44463144746279427466714a35686d745633524b4858634e585972576e62364d4761494b6c575a6142596855706f7247672f5454383668696e3052614f476c4e4f44474f50744b7064676f75725774746f692f455059512b422b505456574d636c6c6c68734f54364d2b485877367a7246336444506b5a35302b57645333546f5a5857484d34546d47677a684d325461544e686d4a6c784e375465506e4b51442b767143636a547a443764734774626934703569766a43786464707a4e373250744656576461776c36636472714e4a66545372627457316c6c71353169574b34337a4c48704e4254376e354e5651723234716653564c55474a715078736637596c576e74303665596e2f4a75426761626a3154486c316d7971304c566f6b613637335a343869616971747164703054553149785a75486e3552627261376b3435625531546c57305642787a5230473261796731594b6b7a54563874717247776f474e66714135437256613341366e634a2f434361473365647261765a58535364413954657739432b4a72644e787475576150566a62736462616c4858574c557a37717056716e7152314530314275596956364c546b54573130564b4658524e5336596d7574435637426f7454734f786e362b3245532b376a7159786a6d6269785a324d50552f617148425479512b43786f664276525657446c3373734c6e376d39756b336d626f5a31674a6d347862576e4d3035784f576f3938316647334d3479494b51304f6d595130474e5734373561636a54654a75536532645a7636784e51365a776253787961337233444e757030396c6c4c79783031647461532f52566970746d6a666a76576561433631705271502b7a646e584770396d304b786d6e713472616d4f735a5259564e476a5737655a714e4d745437564e544362474871454a7431644e6156766f6271775361724771634d4b74485463764b31314c36657666547a5075425a585236775531314750714c703071585437483079315636676c3962627037564732724b3171467575747039307531316c716c54464a5874537233574b7331326c396f644c527870786d66786c6462574843706f74566e494973316a596830526f4849644c59626b4d73713334513136656b653036396b5846615a4d2f54366349584f743076453235664452385656596c6c797239514e566671574e67545361696e366b757561317978673164776e6d626a4b394a79555a6579746b59715448507839725455373279316c6e493565487745667862763431563732784c624e3352667356316c7a47595932724f6e7153762b546b35784f6e696642515a7465437133344e646f372b364d7a7a653044723837617a475445322b4334457973794a306d444d6b5158754f6744474a7136416d4a3569727965796154427653616c747444526d5a6a554271642f4d2b367655336852576d71307058595a716145477770757071414d355030382f6b756757397955314f6b464c37516d6b7663457131624a2b5530562f445a466457556d655464376246725262644c6848767a77767530756b6f755463624b4e6c624e53586339394c656e415362484c75574d306d724847555a37744c783743756a74667174756a6570647a4a2b6d67674761666a71314c494c50596859327476424a49366966334b6e617467777431692b5633696d303132426872745374696f7155584e553459656572556e632f366976776d6c387a3955366e53563056356e6e4c38414454437a55766836364b6c39704b4b316751443662625a2b6f336442574e48716549375731392f51567234313764343348395271486255366c4c73516e4832674d6d572f53725767487741674559654168372b41475a5a394e6549665952533759444d4d62463959514a2b524a50552b475a6e78305455706b3276725879635566714c724c50314c4d7131674c4466725454752b6b66415875494e53666e6c71506636526e476b3449616354615a677a6530336d5a455872306e57433263724553712f59346158336337626f6d426b6e5462624c44796161724e374136312f6f68596f7951495757716b62664a76646d357444317177757262646130494752414a704e57466f594e5271536c2b3836686239526275522f4d5849756e677275306675507532786445685076315331302b784551757755617a52697456644a70366a626171787471594d31746a5857595372555755554d4833484f5932713561597a44507337726d4c6a497a547064497968685a6f6b65746969566c72416b314f6a4270477a5255386c33585736666b54634a704e5477764e5a714f577a704e507136366138522f314850596139786d4e72625836526d64695366644d574763646b324762562b584f44303348457959375a50686d5a6d66567056434b3137456b354a55626a696348534c5431693148704772377a6a4d324878722b6b6e4b66736e3661374236777646364d2b67414a4d6d45784959444d6c6a6748436479632b67475a6d34774e3456443364627344746d62415a776943747668644c6459704d70303271577663756f3068724b526c2f4370664a49745a4d4e644743527757425773433033756f634b5873787431476f65314f4f567664774e534b6e737063694e6f4b6c724e6862754a6f54587937582f5557514d4b306d693151564756313144432f6c6d75763558474e5071635662586658312f41307a616e36737a355737327071645271547853765261635a4258543164585855505858515758395031482f306a2b6f586237646f6c497a553850654a2b466b7a4b4e5531515a5a2f79622f486d58357555485736714339786e4276637a644e38336d626a4f7357785233352f36387733787a32546e736873655a506f2f6a3974464c73464637444b314c457343506b65614a67314a7a463169694e71716a425a54506f4657384b5533764c624e37665a72477864353959586948695436414378774d43766f50464959735a774274722b7a6d5a38517a447479744f6163717864565976617a556d7a47347576785263674f4856744c76794e545a557872575771756d5163664670466f4e6f50656153304c614e396c684c4e467464765958524d394b6c5a6e5652724b57717436364a717862697730314d6473476d506d75492f714e41774c4670536c4e5074646868694a7074556164776a4e6b356d6b314355626a482f556d50342f386a61426757587662334752316d364356394b6d6a663346487461466c4535524f597a6d6563727a50686d644436386739794d656a743444735a3854615a744d776648486f30374c5572325265336875575a4d554d59637a4c544a677a4c49667031426673314a7550563233484d507152654d626a34452b67416b344742554e6f506f574744396a673567545449713771546f66355865522f6974656b644868474a3169354d4f2f35467a4264737375444b424e4e616957686e31566c44326271302f4d54485361652f6773335455613033726739594e567163596873754c62696478377a416d424f6e697a3944457a3448545549716c714630663872557134794b637667784f68496c7939736362546961634d34524f487030346a4f497a6a2f76416d777a6133707a4d656b6541454d36784f7370307766766545336e5a69596d4a694c3245632f4547524d3569512b4236596a4d506944787a366d39673434665653672f794f784a4a4a685070413456394f49716e454b6e31592b316e7865563934353678443138614644627078663061336a315751712f7967795a786e3432764434626a39764578437559457846354f71446763643841474d79724f59546e4d356e6e4c5a4c4c6a37514573364e4663597a4f587138424459794257325961307a69476c6f616a4e676d7962476e55656b643538786749335744474d53766f346d7176564b7856583665773854456a51522f69625a734d786a787834596d4a69556b4a6c694438776e787a34564a76614d2b377443337072415163687a6e774a384b453376696558696159346a36637a792f512b73656b2b67646f492f655639355a3369392f48536a386f32424e797a496d3959626b68644a752f6f39544d54486a316d7870734d32546173776b396b794a754d334e4c6334455876474a584243584d776a6b4572484851656c2f77434d30326d5571545a58704f2b5730796c3232696c437167634437374e6a30324230776169436368506d6533454b315a6d4b70787238476b7730744e6b3254615966796c36425359546e774562763464706e7850576254344e463751786538506677454d454536547041755469616e526975757477566d32593654615a677a45784d5465516d304474485078346466477451657246693358774a784d2b466534666a764d35476e4b3057327a457341423951394a39475949307237797a7642342f486869636f2b4f53373434574f5a7345396b7973334362684e3033475a5032524c767845486550326c5244727449622b4c76753979777a7634742b43775832547a647338335a3870727471346731717761306268427141556e4d735a6759782f4f5a39344d65305941504955426a732f517a6d4f424f5244507047634d653433643452344764764143596d49466842452b49594f304d5744356d4243426a775374724f6737654e4f41636b5756767033526a336e575939416c645a643973634a6e4166704d54624e73327a624d4744744436456349686d596f7a4458746c767339767248326c2b5a734a375655484d746f4d346d4869506d447069636b397254505547444a4c512f69732f6e4d44445a324a6754684736436a7448585963545032524c426c5974526a302b32476f696539306c545a397075546a73496d4a306e536677486a746163627a69736930325a455776706963633251703367554c6963704d35695267697734673672694c565869634e57576d6f4a70624555395a69424d7a45506f367a624e507064356c2b4f5267495a38654378464a5676412b47425254746a666c3469466a50696153376963797a56417151664445335370734b324b714c4c696472647a6e42394138653568684578435042574145356379343732794d6673424b374c46546f6d71736a6171356f6451354732664867506d66315067537364703950496d3676657a5138544c69626138724174514c7a4665794531776b66466d4d3964717a5949464578326d4f686855356d42306d42306d3166644d646f476348707932793755584d6d4362574b6536702b755a765557484468485872696966514533557a656e6363367a7a4538773038773835374a7a57546c6562326d5a6d5a6e4b5a356962765947676d44316d436379346e726e696c506c77506676306374617663655045436b6e7034566a356d653031466f6f6f434c6e7850627757614c4449365331647667766546737a5474577265356d30307378754a4179544d5445784e30775738635148724e433452707236676c787844414971354d3031432f6b31704264694b3033746958563161557048495a7569564e5a4d654268374343665067665350452f592b4976675079452b504164352f552b424675774d546d6166786166454a4a5067703678635434456648696877637a5061412f6c4e33615a48544a322b3666547959516d4267346c6a4d474d7978453634694b7851596249424a502f414b326b395231796f683645694c2b442f5937657265324d546c6563316b7273636835754c4135733739504435384e4274517a5855636470384442474f595a38487750683853702b505930747335477a444d7a4d7a4e2f547772306262515a714b4457416648615351425946727246594d457236786f47493745732f552f5067795941774778504e76784775476161304a617248555863316a4e344230536a454d46467a6a4b74334d627442346e3742395078506a78587748635164764164352f552f71456e4d79594f7a7a346e39654b7a506f37546b61637a51582f77422b594d3878504d444d35415a6e4d752f4f61625374594d79725137325954796f33496738674d596e6b51444730417754422b6e4377426c315642706645723750362b3332716679672b5a796d627646476c642b307a57616c4c4b566d524f3832375a6e772b494f385068385177656f54657768596e7634497858335173786d4a3042454636425a2b527a4572335a6c464c765a73466c525269444f55634f333043594d784d514755366c3042454a7a6d4743616579735a44336257624b78514a303950783676696648695041647842344366313465574c70765447444637505069663134724239745970784c65732f5433554d346c4636432b2b56616d704f677231437659794238434e594e2b3649502f4142317946754f5664486c363562655052322b33562f6b57486f356839414f444d7832394b396f304562784938556f2b6d58624573307578454d49784d7a764d6568455a6c4a48686d43567674594755737456755a2b7042643459654e4e4a6379326f6f30784b6451616c326936336b4f57306c64643156676c67776352426b77786f504450674a2f66337834447549495a382b48784f596f52433164792b354f7a7a34682b49664151665a412b6d307839497762516f795176556f506475427036584c414e74676a6635426c64534b2f7741624e5962436a536c3751584539714b725379734e59676a307167597a554836537a626c73416a48336c364553372f4b66526959676a6e3044774d5748775871776a6f7944724b45447631767379656964346c466c704c533059736231365668754b522b6a48787a44426b526e3365474d78303279725532556a4332333258666b716b7a4a6d34796a556d72424672386a73304853734551785a65396262646e675054576d364f7531695074437632627641642f4835385069576645556b474a32736e38544438512b41672b7749315731746b34656d4a6257516d41692b79564c686e4c56625674516b48367947464b68316e31636d424769386f65437973314972636f4e71527944795334453164463337387931675548686e4d7839793775706d326d43756e475a77312f4778495173434363414d34424f4763597842564f504559484a697777536762726b45315a6535384b614c42425859424f4a7a416a6f52485a7550616a4b3437344d414a6d4a6a78454a4f66412b465665347a5536626a71444848676877346d70775849514b574a413764305159444c63553547327a4d45706451484451776569704e786d3342595445524330616c78756d6b6342694459323573784b53305a5376715376664855724f582f726751645444567477665262587362414e44696b57517075784754592b4a583273672f41787634772b41672b79724567774f35556d4b2b374754554132302b55597a79545479526e6c6c6936514d634379744574565a7731775572307761367530436b4f55493268597a596d5042554c52305a5074346c677a56555a766e4b63546d4d35663733694d637a6538362b50574472694d666359734d45702f4f4c387a626e454136784b696578417a467a334246684a326a6b4d792f615a664d2b70434843426f4d344d795a313850374868567433436171336b65484536543251494353594b6b4a4f4c6171786a6333454b746f616d6a4d46465245344b7077315469726a444853474c4f48497a425244546961584b503032456b6b38637130783677722b51696f7957346771646f6d6e36416d37537437514f4732634e6b34625a78325459385245526663366239786e5556797042334a346a6b416a61534a37514d7a32796d6c6242314b5a56554e4b386d376464587374784e4c6a4a4a74415a52734e626444504c755342434d484867504256794f725637597466736163566e6f306f556b37714d446c45703263643031446b57376f503142774964665a46314c75304752685a70724f4e786e56324a5a734970745374466e6d4f754a596e764d476e5a4b2f6664704c456d316f774d32744b616e6577523661443376715141624b744e6d74444c5030373569554a31423164536f344b78507a576558505365574a683068377a79353278615476437a4a6d544f73795a6b7a4a68506f784173784f33674a566a72506242616736526245367a6b58345155397a5961434e7168776d566c6130533470763662786d5a534676374247444f6b794a747a4e6e79546a6444394d724431614e58327874694a756d776748627366416c6c596157766b41477576666b7a665546773330794a684f706a37503474334d4d453659683239496550624b3255474f396653446a5978764c7469486a727759624e4f58335370394b423768596e584162542f4c5866317a6d63786c6a48706b574c4471305959506d557751504d66327573415862457656636d574f726b6d4141797467686c4f7272327a56327073336a52727572635336673258454c582b4a45722f6c6c73625645364732437064704a62524f496d6d63396870482b61394f726e457330796648354562504c46586e6b62636b5479722b37506c375a5652634d775558726b785156337a5648385a6d5a6d6e2f6d5978366f7762384b6a4352737169595a61684f316b36394d484743687349656c74746a4e3456354a397476737246613758784630726b5a6c493231496b35424732744c39415862496239507345476a7369577171425738395776534c7236666c745a53656f387856765178526b78314b6e422b77712f4a2f4b653452382b4b396a34626a4e336749535a6b775a3846492b656b596d5a397333475a4d55746d4e304535576874597a635a7661637a544d5a7a316d387a6c62724e3339372f624f5363706a564c676542376d487778446b546559486e6352756b7a4f385241524841697a5941415a6c416354432b44346e54506f58473647625a7445347759724b492b3179544b5772546f56735371786d5559444577654854704e79396f326f4236536d344b546c7236545530726341396174357a7433705833383358737745314e486333323173774b6a5664544b377143755a7a61557344487330784479797263594e504f4845725447636b644a385434696b4b734773707831354b742b2b4855726d4a6657746c686c3331474a6a5654544f61576773303033616157575641394261734671546c726e4e584c4e565573625772467457775a6c76356d5a4535497557455764337957372b473370365532397a76552b432b3437566653583935382b412f452b6b646f7739437a496d566e775044704578754562735a387a624e733254454377704e6f6d3262562b564378684637786b4957746f79484a6e7959664442687a34686949546e784150656244316748756c6739697934652b42694a7a4e4d6b6e4d486562535956493865347a4e30334349764a3234576e433034586e433034576e43383472444f4779634e6b34724a7857546a746e485a4b397759694d784c5170594a69795961454e4f73367a723937744d7a724f737a346b3468637a50676878437850696c6a4b446866786e6162574a6a35416e78366744346155652b4f54756a2f6d3367507739496a6476534f776d4f73542b45736455786935747742696e724333535a6d36627075384650574676444a6956377a694e547372566f71686e32792b706179634d2f304b424f383457335968303635366353544168584d346a4f497a684d34576e4530346e6e4734574e5534784e72664373336b5868526a4f4d7a59594b624f6b327347695a45663866477348624f4e7035647a4f4f7970636e5465355a787a6a6a5672763631314c38634d74724b49576956466c426e6c7a504c74504c744f427077744630317534793753326f6377444b5a6a4b51426a62316d79624a744d77307730367a6b5a7a302b724d337a64664d337a64644d32774e2f662f77444a73487a6a54625a7849784f7a79383872504b6d4768684739755966515053743354716276364e7251576d63786a73574d4f346e4d784d54624d47596d6e5a466d71526157574f647a452b483856395466695048455748474d2b4658566c6d6f6a6a365551645a672b6a724d474b6348724175594569644d6c5344734735514d394c30377749575376483969594c574342625056513231355a7262466a5876642b564a436e71624e794b73736457342f42543943775435384d2b325062753278752f71367a63304c4d6534646c376339733878624461784f597437723238336247315473704258564f6f416c4e7a4f75533937716d2b65664d47764538387338366b3164362b39594e517646694856547a5177496a386d647062417a4f644a7a4a42616b35466c42484a5a4d70505a50625062506250624e796a4d4f30346832475951704e33536159357a4f73335176433075372b6b512b492b796d6e334b544c744d616c556d556f436572314157594775577837756e68784a6957494578343172766452504931344d667349496e4678484c4b544258306a4c6b43624246634c4e792b546179473039707037367169536274645779465639585461307749424136565957616d38324e74435a33444635335679753171716c326f745166725a356170413665627a5645554e75394e58357a556435583369554d794578714f4f766366795656424744462f78325435384370426e6c6732436c314a577a61503246646d785448737a5745394f6f2f7741683946566853636e7459787a6b4430645a6c707661636a7a6c65637a7a6d65636a546c4d356a4265514d54704b33325133356e4a41637a62584c6b362b3361336f45506949656839596e4c684745747461784f7371562f626772627536335038413967782f79614a2b5579646f6c75534638524e35384e6f6e6c6c325a6c6d6d4b5671383678426c6f503842786231326d662f5a425a7850434758764b38456e6468424c56416670424257544e763969674e3254546633774a502b4d424a4d58524c55515a5a5a554231523073774a78556b773648662b586b617874686f72366b4e57513249325241535a306c48636d57314f3253416a7133557579624e74316a574f53315374304d657079594b3346646d64706c59594c6d4a65753336683146685a69464a33396268697876324349646d2b5055536d59315472333862767a3946645263644f4638456674737a664d723874576837455938444231684749712f4d742f4c3130556c7a504a4c3763617a695137556c4675336f5579576c6c546d3034732f4e707051687541667948587064523951684a6a304c3368734779627936626642666b77505a78346a4d4e676c5a78705268334f42474f6178344a2b4d7a48374b5a6754594955784e734445646c767448627a3270452f354f2b663841493347655a4a4f5738796b38336a733274637a7a317338337154465739786b323146546963454e4f4971724b662f695778615762754b35354d4d7a47445438617757303536624e3357634e2f7858554d414f394e5439494e4856316872724a6d717249734f437262524d734976753734684b69426c506237466d416c6372755650613932707a374563377365693738683471755a586d76635179324f4d6f314f7a3837304374302f62763145454d486557666a4b7a3754445770686f45344a7774445738776644547156704d6132355566786f51373879726c586f326f35335572536442646d4c6f627763784631433173687171737a31392b594b6e2b525773324348764b313345694854574447624e4d39617771523370666130397771774c61485942706a476d45326959477870746c5652656f34464c46735335536832487733656e6f65355445795a6d444a7741644c57713569365a47526d48784b7a376b6d6f2f42576a6e474a6b48754b796677724e71365736632b6f426731393848366864502b517350643955635453573275444d6b64376e3453476e6d77596457732f3541714f6a61367870356e55476274515a73755066674d3446696f713976487034594a6e5344546e7047303237457430674732436b433342343638346870727954457130784856394d4f754c52566c64332f414670785a2f424b4c437372706664694a794a6a4669334d32573143747453595037592b487a694877592b324b63483139757933574c327376657864724c7844756a36544857717a5462734c74557a59657738754d48423072784b6857735a647979323167534a7541487538776b584c3975434b69314b7241634a39307574354a5a67786c7759685046426b3171414e4e79566249763662614f7331466130657962684e507154552f547a64657a637047394c43646a5442486744366d4749462f756f4c7645753656704b3236474f666352412b316f3968614e3258787173506c724d733266484d7232354f344e5678596d4b6d5674722b35634733326b5979596e3572396a496e4a4e3678754e752b3271627841524655474b6e614c7870316d53656f4145397373314e645a39772f5561594e58532f6132356433536a556a6468764d30547a4648574459773646544c455a6c473369744236756c674a7878766966566d39353368326941673976746e3074336838506a373235344e5a654a352b3665666235382b63527466646a6f3272746e5063304c4f596f7362704b3648446a4c566b67434771785247332f4846615a3561776e72527055323754355a41426a673979344c6e59524470517879664970504a4944427057783032624662775944454e62514b30436b7a6861634d346f55496a646f5a5632597979334d5578767a67555a56342b3362306647634477542f343173486f2f6a4f79694938336463472f34384b2f7a575a39546e31595763576532787037316e4f59756f742f6975723141376a58324365625139786670766b366e544159586e492f487a4c7761697a4542745939554f30523953516f415455576263426272503550636e793270706a61736642767350624672642b457856326a376839426a2f486f483754416d30546142327273326d65635470673356754d454a52425658384f645057634d4c7450384b50363435784b54476f7159596830476e67305653646d4f42694f6d354d797a326b784c44314d3878446344453765485347784244472b5a746c4e4668797375302b33624b7449705350384135444b7253686c6c767577427334684c653438452f77446a5851656a34574a514c616777476e79345758304650644c4432384637696270756d366235764d336d4d632b764d46762f414a4f51564f496f7750546b7a492b634c4f4b4e37443133696235797643397a4763546d43676649725166734436444432676e57444d36352f5a4437495a68325a6d63355a53564f514e5a646e4d4f735273547a5858703574443068766e4f59313678395a58695071616a334f6f716a57566d62763633755a69307a68736e6c7a386c6f5a534d754a5978477941365a2b6f314f73436731312b47337159762b4f576a6f4a677841664c5851412b47435a734d34667049306f744e4a36633941473657627253695271713562703057726576686e306a74396f392f73676b646e392f66743456666d7637512b672b487a4d7a50575a2f5a44372f555465384f5444575a784e4f4e35672b4f594c544f614e5a6e7736356d6d7266655a62535769556c5a3555547938476e7a467056695142704d43507077494e474a774549366a793777364e6a4252743645685637307457473274356654735a616c46536d44764e7559523942316d333069746f4b357445326962524e6b4950714d48623752384b2f7945334362684d6a39715949596c5a595a6a313763474655444c2b782b66322b424f4e5a78724f4e5a7345346b584532724672554356415a6a494a74584532694875424f464d537441435443666247413262707659536a366d64327059314d41764d38354474426957466e77647177644757576f43546b55496f4a6e775a2f7743516d4a7872436769714332494641376574683654462f456662614c334870795a6b7a4a6d66756e30344258725366624c4f305874502f3851414f52414141674543417755484177514341514d464141414141414543455445514955454445694252595349774d6b4278675a46516f624643556d44425974457a6375487742464f436b724c2f3267414941514541435438432f674e667074696679524539345448586d694b6f37436f794361596d68356f5655575a366f69696239474a4d6a522f7a44324a4d6f7a4c324644314d6b545248305932755a386b33376b6c556c526f6b526444334754386d7634367165684f767151455671684c71527a4e6d6e456254485755534c6f575a5870516b574a43624652462b66316872367849587779662f414e6b52716e794a304657444a4f7366775359302f556771394336466b575a596b512b6349706e5a5a4b712b73723675784b524969704c6f4e785936745745305830592f6b696e68466b4e356453564b61445a517a586f5156434f5171667a484d62516c4a46594d7573506b326858334b465350754f73663852764d6b624b70455838686442496c516f794b2b4333497047516b7a5a522b434346526d7a79497947786b6b53776b78564b785a32483145354c6d69714d2b7353653876755a477a712b614e6d714364444c6766302f61566630422b516e53532f54676d7a373453726854436a496d794854424751366c56696d5658344e6c327568443559325247495a6d4b692b6c325847796e3039564979712f636b307954636b564b4e4d6f5a464a49556f73614a6a7767686c634a59544b3844526d5a4477764c474c4a4a4464423151763435536a35695a57685471554756336b504a6a4d6a50304530496e6971476543776b49592b437949736d6f6b57337a5a504c6f55397839724342463049356678755737314d317a4773376f6d654a46786d6352356159794935644376754d646349694878496c516932796b55527a4a4c304f79394f52326c7a4658314a6276714e314a2f41387247307a4d312f476f566651795a4b764a6b434136785a6d49655a346c5962475043706d50697951367353534a4e344a34646d584e5748764c6f646e2f77413547796a48715a6c7956487a523273726f54714a7966496a6d524635324556546c69764a535439506f724a39727153794969575a59575a6b304c4e43454d767150474e6355534965357442594a53664967533970454e3138315932767750644c387835395346424b587162536a354d6c563943587758576846787a7353456f39536138744373744f3631343366364d79616b61634d69677347496c516b58486364555a31466b2b463543794d6b64706b64314571344a6b317646544c304570784976304675694d7a6155664a6b636a506f38794c5575534652475348752f7743534876783645613947625074637442573030486b5156425071695038414533686b503346764552466835444a476d462b654479776b5a345a453159716a3744716a5a707936487768456c5557543152744b39434a582f7065596c41575a556a76665a6d30396e6b78377032567a356c7944694b6e6f625262684b6d7a35366a6476347376637a516b7872305a44344935664a6376714f6d4759737350675a596a5264444d62695563545a3539444a636845737a744574316d666f5a666b79584d66754c65465239434b6e2b535458715333706378315936636d64706337697230655a463733376169396a4a49312f68374878756a2b776963616f74386e5a59366f7267736d4d6161454b6a49784b784d2f51682f52575238594e4c3146556e757356567a517375624b2b6f36735a436b54736d7a557571472f2b6b793646456971366f6c764c6f4a6f69742f6e513754475a51312f67454b5058682b336d4778344d525645732b5251793943535936766f4f69454a6a4a3139524e45616b6d795745506358775372305a73393058755a736d716b616635496d704937426c45524d656646345662723964533770434669786a47504645534c4633586936475378565a4661697153615067536a48445556505164534648304733304d75686c45704965367a50305048794837475345583569762b4f48332f674b77654346337a5464444a6c657063676947365a7270684c434c34633379493039435359766b724830466e7a4d79784d6a6c386f374c364534304858715a76437161477045666b7a366c384668345677332b75724269387052446545366f70366c74635955366a7168597849735a5750334b5339424f706e304d6c686b4e716e49704c304b6f39755a6b73483648613942664a4a78513354465557463363737362616c685a38755173766f55616f53586b3647585867586d3234736f797038693963592b3436344f6a47496e543146376a785861356a46543048764471786d6f6d6845766b537031504368345778752f78774b736a4a66325a39543346326d53566671622b684d767a77566977732b42314b782b3431497a6c794a594f6774346673794e5051326970686364455358754c357a4f7a36443375512b4a354c46486945742b567569465464796f566f5a30764c715457385859717557524a314974302f68537a466c775633754a4569356e6a6c496e32657546385046705554777a39547339433247614a2f4f52484478634e734c3848757a776f6a56506c6d527230655a4474797552792f56515a6e7448396a516c5673755156536d36767047624a5a386c394e5a666f4d7350444a637873704c3047305154394d685065363435794654304a3139524d70766364792b6d50756546585044483869616677525666544d6b6c4e32714a2b7047764c496c5363376442503157596e7676374765364c74444c5677565266516d5a595a665458334e756f75437366754e4d6a512b654f2b4c45716c7a784f35482b69335566594876523646555655496d315666327649716f3878396c5a52524e50312f3262735a4f78346e6862434b656852565246756e6e2f6b767a2b7557496f6d31366e7950764c693752637a3954334c6130497576774e7473326a54356e6158516565706d6f36706d32792b34386f61456c6c6f5a487365424b72493548736173524e43644f34567943794852764d7a697466496648667170464c7649312b697169344c647a5a4752474d794e4f684874432f6f6c6b574a71586f4b6836496d346575614e6f7655665775504965633339687761486e46556f56504653724a4b777273696c4a447256634e39455a35345337547572484c4d3265656a513635436f2f77434e766f5261664d6c5573697149786c37434c64434f6677567a473175366d315469504a615936594e707879726332696b6a744b656249357271527a33767756467232554b6a4f584237495a477a5745334757704a5a4758614b314d3943644a7251562f3478794a664a56495131314e6c5471697442432b4357513869616b654c6731504446453342396330625478616972465a5a6f68515374345250496b392f354a5139554f765a7874684b68484c4953616f62305a4531516a6e7a57516e7645546e597448434c2f4149726e304e524e656736346254357773534e6d6e3643466c30462f574775477277725352746b30504b4f5a46533953475430467652364664356a616c7a7554547271667457466a6c6b5757764d305a62525956766b304d69705a456379704f6c4357686e6e6873383948715054582b4b4c6539534e48686b6b522b4d683146636d30537163687466637051356d6d476d4531564b6c425773506f62505038417846364557564a4f4c2b55537773575261685a59575746623348556f794a34616b6d6b53564d4f56424f342f637037692f6972494b7543374b74517a39546d4a4e557352635757736159366e714a6c534e6465704e2b6a45334b32466a612b7a79485973654575576f5748715747537061686d2b596b315855516e75304c4d6c584239537834616d546a627161454e326f314e6450704b497370386b346f3276324e72396a4d57462b59304c344b653544344a664976505043784a4f6f6e785a31592f6b75546f2b54505965626249526235366a703147705271614334575877765156475271734b334c6b7362497552395553546f794856487361353861383836457434324b714b6e6f62566e3346516e2f5254324854376e614950327a4e6e4c344974507149545a4672427466516e784a4e55734a703869346e376e49696d715745316b58336855347234504356566d5035486b795653584c422b324f75446651716d315332544d2f59644e616a5850364173755a7456364968764c714b4b58517a4d6e386b712b67743731464350754d64795471513673384c7838544e6e557a717350637454445a703868665256684a656d485164665575546f2b7548556c6c54754f56634f596c366f356931465579347243626a6649624c6b2b70627a6979356d303375676c6e6170727059582b79726651696f327562567670416735523071624f4b4a4f6e366931324c4d39455679493573537077504b4a326a4a56314a2f4133545867574446394559716f6b2f5135692b545553616f6375347672687a4a6346734b6a7739447846616961316f78793352766b616558587961447978757246464c424531566e5a7079485831506a4237796a794935645350692b773850315952624b496e2f334657684873733973486e706a4e766a51384639447a57484c766f3530766a63793448673878353450796d75443472447a7774714f744d6c516730317162544c6f536b7161395374634865354a55453978764c67305265516d52704c5843524a69385234634974393273474c3656624656797730797879624f6644526c6d4e45716a4c727954715a76687a4d7364314c354d30516a3050437a516739776a66567330576848354d6f365955336148613943694a4c6c55326b76774b735331445843444551536f5073366b46305a6432386768344c3656596a595a617a777a79344655575234574a655a654462715869766e434c2f78776b39315749313954577a506373537a3643307a5a4f706f4d762f59365365524e554b74633847397974755a437052626e4938523744536c2b524e743943487979564670516d694f44386773474c36476836343354344c7268734e2f39693246752f6c55646c77396d4169446f5356475430755a694c5277677979644b344e744d744557524a4a764d3754706f4e496538786e696c5a6c785875504a324a3249747472426b6e683454583844574c4569714a2f496b784e4438692f6f44773534667477737978656e446f616b6155775a5a39356b4f32695055364833746773756545335138647a55546f734657694d716e686548694a6f37564c436a54354a766d5a7434616a7977566158496d573762314a4f706e5849746f586b4e563152426c454c444f496c33444b434a664a5269592b375861353861382f77417a6d6150425a3848337739792b4370336430537150446d783136595354797a6f65485370504d6e4b6e774a5a76493938494d6a6d37454c6971794b564d58316149764c4f74696158516b32325465376f50433868724f364a4558556356476e7154627153653770685939574e4861394349316e3968647938575a6b53544768655265433838394f477a50465371775747766376333546755a6e6a794655535772776e487332464b704769314c6b6435383266707a4c6a526e6f527a73737a615a366d6c385063666a7772307949595731465767736f2f6b384c2b3248684a582f4242736e526a65525a3249705961587866796849714d5255707774653551726a4c434a55596939652b57444639426a54753365374659574b4b5873525346764e6b5574336b5757624774354538395344334e505568633131474d73796179734f72314e6366476b6535346c6a346d517a726b547a726f69556e766454777647305361544658393142554a72314a737262504d3261716869717843475578694a6a7754466778384d735556483354346b504265636561797858634959785a5955336c39794c635659686b69464d5048663250306c704d616552582f48496a6e7a4e6f567977654f7a5a4872516768303337304d2f566974664670636a615a6f67336f526a536e4d6e52386972472f386c77364538784f7544344562547338686951734769686d5269496177693847537752464d512b46392b73474c36486e364758416b713544794a7274584856484d3269705452456e5356786c793673794c5a484a3245766b66787a4533685a46744d4536477a6b55374e737961533942586552733158513076685966697a776938732f63326679787150334a4d7254386d7a5270772b474e75724c735744377059504343496b695346672b4e6c4244373946544d586d6d4c68575663586e656e517445733759717355376d37522b2b444863736670463276306b48556f716663326c756736496b334645556d682b4778346b504d385476687336726d5257506a532b5335654f70346c6c54447861454a66424132747954624d34342f38657a37756552744762526d305a74436a494e5935506d4d645555492f445078336c42444b6431794c59497956535a483445313568694c48686968456b52534834733873737a5438347a6a56334b793353467570744c6b7245324a62782b6a386e69735453366933763355493053495a6c4935584536395752706f69352f34384b627442315850434f576e7162692b35537136457874344c784873576965456b71496933375966386d3174305865504c426b6e636b786d63533342556b554735633661594e59527852586851384b3452474e634832344e4c6b76456550314b5370473553557078464865693656524e314d3251666c6b712f33684f4b64794c63562b524c507162716f543952566a624d326365627950433759504b346d794879533353623371697249564b457348347378443754754a314e326e794e623056794a4e456e76757a4c6c336e37697a71574a4c65736a614965547853524c4c5573375965463465434f625062767566645a4c5472683734736b4a43786a566e69656778344c42345277593845564b597574646e3979306170664a64764356486f4f33354e726d376f643952316b55364b3475322f774d6a6c3046354275714533464f78434e5a44755a4a5a455a506b526165702b33435630537161697a696a57772f5175624e3245766b326c646355714d312f42373465456e6d6133494a65346f3730555a44725156554b69584657737568426c4562516e574b504538353935646a72532f723366672f4a374c6a664645537732695254477545536f78496a7774304b627073364f766975536f504b55767965465a6e4d54636d4c525548584c474f6d7073624c4f694e6f3150396f30523779636651696a784b7771554c4c4d2f2b4a4a62797a397958615a5677752f5532626463474e757655665978304c49655350664762726f5662655371794333693054777642327362534e58636465615747754e61366b4f30794564354635466a583859654c4337377a787a79682f76486c33486758334c614c79626545524571453669517637474b70466a65454274456c2b4d573838493669616f5a4c6e5770644775523466435073794a566179454e64745a454973566b54726b5a6934342b47346a516d3357354a704f34362b6f6c326a33477531636d715273533753495a55356b453432516c54426a46613536313634717249304a525734625778744b50556c4a314e6d716b557458682b6f384c786c326e635575755768484a324a52564d5a4532654b5776652b434f636932693659394f50335a3446627562617338503537693335466c7934366b5a66416e6733684133767a776f715352396d66676d2f6e445a527253356c4b677937794e456b69395230485775543952726b78724a554956396a73773071547151714a72437a754a76653661476a314771545934377442757571484a552f424a695659724d3177656568504957513062556e3071535a653342346e6c686137776a4b70444d3274796262304a554a4e77567a5a7872365845714c4e6e68646a33504378337a664259697946487a377939352f774375446e78332f582f72757643767633476375582b2b3453746c67684549746344496f67535934344d61454e695245624b666a427567316c7a456a6554706b5430314d393076584250734932697a7a4a57593671755036566b61334950643046326c636b733868783361446565614b3954566c74636450774a754b49746674777573655a4556482b6b765557635557567a784c44777535345662434f6570484d537a654657794c45554a6f32714a56373339506839533737712f365038416664654c39582b7534386634376a78666a69526d2b4e73654571496c555243524a6b6b5a30492f4a7162534c4e706e7a4e752f644646486e6170567232596f396c3174516a546e6d527a2f6f79305a7447386a6d5254714a4b6c384e4d30637979516e75706b58304a724d6538305764794f614949537a736578614f484e59614c437a494969716b69547a755366464645454a59534a507947703459666e4256395343494b35733943444b6b384c612b685a5a4a647a6639502b2b34386634376a7861766a747a353938384549326b6970557a6a794b4a45367836473062552f774b75577547614c564a5a447158714f7464534b61664d6771554f663250526a58617550474e57516f794b512b443979786951516c672f4b6f58483472523447534750673855383336647a34566d2b343854743036397834395879387a764f52466c52744e4c6771504b394343586f5279527269717367734a4d6e6d53487851574f317572496b785631655a5a384c474a6b57525a463472794e4b4675385a58752f57587278325675724c38662f492f7439426b7953454a6a6f4e634437327544755548684169734a4d354849356a596c5168384d6b366b6b794255666575392f4d585676586a74717a7771334866394b3465574b387936453053474d695134304970386b30542b77324a6b55554877712f49394f486b4f6c62456c54654a5a554b707879714f714d36334c596f544e7054314e316b48672f4b63753531376e33342f43754a6c536f325364504e374a4550734c426c534c496957443731306c6f4b7776386c784d59794a456a773531566a5a49325a42724c4249697a652b504c4c686663727662763863462f4a4c75496c527376677371455246682b5157615237467348776f697949686a4a456b53565357447757704b67717275324f744f3638547678366b492f4844646d6d666b65586b6c6b4d6c33466b5347726c4f79695678344d7a7762486769476d51734e4d45694b7774677454314868456a6b51496952515a496b7876676f5246797759786a4b31473856777674532f484864357268696e366d786a336d70726e77724b4b7a46677174724e437039436952523034474e6355625a6b6269465a69754c54466a776442584b693869786b69512b4c55733831354e71764437384c344c50445843324c37547a65477a625830487068793774434549574c4a5533576253716466735447535a7448384472553565523564777531354e6a34486a73316a726a6654755877515576556a52656165664c447035503978716135696c6d32387857776c574b6a5270457162735079654c644f52723947762b6e435657394f3430346d6671584172477642484f6d58304b2f5079504d356a5a6359376a706b544659384c4e593047384f612b68712b44793178613769306c3362487736384b703256354e2b5a6a6b317a466c67694f6873794c33564961476843374f466b64524365586b4f524e2f425037457673542b784d6d6a6149326b54615248456c456134655a48737873525a426b57496a6d31455865797669694b6f6d495234565370627639424b7a7761343368532b44567138447171564c4e344f766b4f6f32584e6f716a2b78496d6a616f32714a6d3252584f374e73683566754a356b744f434c3732496843494337786a59324f7675546673545a7447545a4a6b686c50673366675566675550676a456845684567694f57687331386d7a2b3544376b4752646a6572516275536469556b546c38453566424e2f4842496b69534a6f6b686f6b6b7a61564f7545736831494d69794449736979745375522b345933565a59504345765533714b784b6b616a4c5930747779534a497552344c43305a7059365976526a30714f364654496a6d38497176707a47704766436b4a45376b684d655477356d31794a736b545a5051592f49534b344d6d534a567162584d6e584638444a724a444a5a6a7a344a7848636147736a5154496c4b4434474d6559384a304e7354543942794b6b365a6d305a4c4259524e6b6a5a6b455156445a4c4d6854434b496c3942366a72756f2f6368364d366e376636466f6d4e445259592f446d325430472f67706c68416779476774446b7365522b31484c2b7a525a6c312f7644615536554a764e3173567934463274534c48513065434a6a47524b6c526b726436754a6c4d474d5938454c42616946672b476e6337522f484338616a376a4c756d4d6b4e47302b78504c304866436779524c536d48496c6f534f3076553264426a4a6c6a495a4b354a456b62724b4a644d4b444b616b4d795358516b695751714445625132714a496b686f6b69534a456546596378647a4c4344383273467732386a7233725130554b664a54354b66496845534a426b47516544497369794c457865665a4665754b377034382b37574f7a68384358654d6c6374687a6c6730535a58466a3464545659583331676845524337686a4a4447686a48636f554b4352455638466858354e37354a532b53632f6b6e496e496d795643612b42782b42512b434d50676844344e6e44344952722f306b4965366f51325a4342733052564368516f553778634c34475042317972354c6e334c486a595a4b6f6d373278543430736630342f7558654d5979524c695a6d6949684d7268656e42517033724f586d574f2b434961432f53735a504c493158427434342b4f755173574d7058656f574956395459705637714f54575971526a68794c7954583345337a473239435061656f7448334751376c4d4f6e426d56386a794c4c68354c67314568634c474d6b4d6663794e7039697776496f305743315045387535654c4a3348676a6b6638417545574b6d466863464d47526a553261782f3841795a657850324e33324e47526f525a7332526f53574557525a79775770466b586f4952424d79386c59706b6863484a6347672f4d4c7638415158755831786a6b4c55356c696c4f5930307534646b5043787a4f6248334c477a614d6c556546666b544849622b526a4e70544d32684c436739546471516a672f6732727236456d564b377773494969517a4e6e4956426b6b50756c76524d6b637544397178644353664e47363039536d6273572b67504243775679744d554a5549716a315074684969384a63462b445570516b71482f6d66426f7a5530377a556d7956734e42366e49524d656455534a4446466d79534a3771527469626454614d6e4c4243776b53487776466a524a4449756768532b4266635571456e345562526d5a455745574c364b784b68736b4a6f562b5a5443545274356e61367371552b434a45794a6f7055624c4c6866617766616438596472515759752f77424f48504e634c6152584e6b6e76476665522b3545715347684969512b35577642732f652b432b784650324955586f66676b6871673030626f6f6b476667325a73384a4c364779525152456752786543466b49574d7443644b496c496b6d536962565955384f4b454c4239797570425a38484e635050796552495979624a7361397a644e6a412f774454493265373747304a6b6b4e5539635668496249595648394c57437168554769534b59495251565552452f6b5243704450466a785a4c6756783649766862424c486d753474334437725075554d65444a45324e344d5831526a47534a4e44573650466b6b555a41326149724375457542697a4b59394f42617269734a5648534b477976384148704d6b7951784337684330776277695353476d4d597a4d534b454b6b42646c356f6f5a76756e3954512f704b4667734638693446784c506770696a6e68794563754666564f58422f3851414b6841424141494341515142417751444151454141414141415141524954464245464668635945676b61457773634852514f48773856442f3267414941514541415438683658435830592f34362f707858367a386d4279373633394a4c6e503072383139463944726376726630334d64623671586772394b2f6f76366d363370484b336e68556f3366307749474f374943596f5a636d2f4d756977585848375379443935456c4872732f334d302f7471434b3276504a48376136724d6f4258633778496437632f4759506148326979474e354a396e672f7844462b45723644364430726f644b696635772f5261344946663466422f67582f414a65483847304c46457235397376534c384e6958387673674f2f4d4f34437633784c39612b784d6c7a55435a7a785443513450785a73517a5466397a4643794d4d756a5a345a777542724f4a654444597a4f4c7a4678547778756a36654f67775a66562b67364a456c64645862762b6a63782b694e63666f3236613779712f7a4d444a39462f713339462f71334c4178626e586478735a5266436545692b4c2b70564d6661715073505678543851424e546d463979326d346c3663786d2b4b5a6841554e654d76686c6942692b35452f774168554f4a5879663668454954544876753644434e6b626a7846634248547365742f574d754a4839612f7075582b6c6e6258372f70334c695559352f77372f77416d356636576b556d746465637a63652b3955715374646f4f71354b7639545058504d6f636e4b6167704a4156567457523953756f315a48642f55736947754e724b375a683559784d3543626c6866636e455275766c5968445232534b5873557a4c74782b574d446436656c2f72312b7666317145725a31322b692f3037364d586b6e4c394b356630584c2b692f71425648304c394e797244334e503841684f32703667536a764a6e37796d7442304f616c727666332b3066534a59366f323371556c592f654d76594c3550466f776d616f78694c397276354a5a734f612f67787a70386d5a526664715a5763377376315866554b434b32325a50427069644f765036566652585376384e61686e4c397065306670332b74366a366b56473469523330763841537636372b692f307264756c4e61365630506f437a63357635544f58667553326b637948597556386d567842427952643864513757303853684c3970333435714a386e4c4f496362546675374a3277797a4c416b52687966314a6548424f7776666a7169426d4d6468447139546f6b543963366f43413764394c36582b6d667058307636726c2f357478794c35557936554b6e6a4e335654512f69364762495a772b4561616555564455506851505367635766352f65557036526c3776787a464b424c6446374a6f442b304b6e416c38424f3673397a4d3058744b464a78534d434867544d506f5368625138455a356668763841654348513933326e376269496b472b37714d56483169686c3978506a396d435a6462533872615939774b524b546f336145746377595031444c7055534d723964616833642f77434352787132726e6a444866384157492f7064776651564c364a513566726b644b52684f4c6c4530445a4c3832766d594c4c374450356a743479375a4867694e7636673642486241792b4348754668673431646c782b5938792f45417948626e7050426b374d7234747a644153355677386b426c4b2f664576316f382f326c48396e474668554d43524e3343467a386a41546c5a5a7243454d4954594e76456f44506d41352b6d344d7636522b7576304c6c7851674f336637665654307558315077354d2f5367354c6c7a5a4a6771765138352f5676394b2f727636797671514f53795576426a715a4d5534593359764a2b36652f4f68693854386b57354937793865442b5a6a726f5443655658473547647353774e5232686b6764367067664438776533385845364648346759554f354732697935737971556a356e413079526b694765764541616b2b5935355970706746594974685764495749615265317939754179646a343675306942696d3862697872664645797673704f3054436f48542b6a55723648394261683364394c6a3175445070763946663158394e2f52663057532f6f76364f3248332f694e556673454a58423761674b476a786d59715761484a4d4f54663459367a2f484d627750737371306632706a436663796a74346d66306a5047373176325372706647492f734b3446732f615661444d5954373851706452334a6277775045435a754b584e4b746c6d4e773645573951756b45595947416e4a344462475545656d6356446961334d61355172413458426d6d71636e454e4454314b6e4b715346334368584c314a55714246497a543172366161754c5542753372663664792f31796f396b58782b73652f77444176366366526357765a7a376c6f6c6d74686e416b6754513343452b444f3448433247366c6b324c6451786b6259776f32584e4a533575564b424c6c2b394656727463555676494e6e346d31555a6159343473746f4d4f4a5077364b647630375459706b444435326f4b51374f4f66656f363066684d6c6a6d573766454643384c4a2b4a5544722f334d6335376a6c366d53554e4e596c6170513677492f416c676933507434692b55345536356c39467935754d4d4a3152364c5275475733343648364e4a78394e792f77444678583646436d712f796b4559473142777166737755466530784b63765a735a5a334b32792b505a4a68394272637052672f694664502b5a76694161766b64344e6e6454346770566b447368757534567744314c384165486d496270657a394f6b4a6b766b54386358544e5a784759676b493870577058537034636b7a626b383048312b2f2f575946612f654c4c35415251705853786b34316747434e5679762f41476c4773646f465967734e7748736a727147665a397849314361376a356c4f776d767141395639446c78782b69505654743658434158336f5a6570536c4a6d7a583169614c2f5148784b67757053336d2f704c2b75756c6670352b732b6f5a537255383473323639376a57624338783241557049326f37347a313352686242616d46766c4f38634c443367444f447a784d534a754d62675a674c4c4c69616d4c345161344856625041363464706c33386f6d747737454e717a335a675859726444796c514d7269716a6a52397847734d38584d58706d5759636d65374d354876545751344d4d796a554452723877353975452b5935652f36636b3843372f5a6e6370734a5670646c666c557944514d4c357137544b5547534e4b6d4c6c7574792b724536666a3964516d705441394732765831583944384662793566306c6d726c2f384b766f4e69677458416861646f6f6d4e4d66536f30487a4f32723078326d533575574166766b544d744372427244425564467156496e4c334c646a7554674b614a4b6674694b69463578366e614978597966544c5a7964703562744d4c5a432b304e6f396b4e37426a38416a3744776734466570634d4c764871336a63727a54767367484976762f41466e59786d7a4a455a6c37484565764f787557767a637871716935707a4b716e4763567a4374354f5437776d7856343651322b39747a786234626c7270646a7578554e745a596257373255664d377757532f4e676f63387a424b704c52584543743176454652417532764759733633305935552b5a5666566375455a5268496b612f5430336e3956622f7a52387854746c79356376364361434a5a775a527a5475544b4c33417159653577764c6d42387a49563879562f4c6a4b302b506141462f3179794d7642694c724d576e45776f58432b7a436970747850736e4441376f4a563554422f424c7250756c4f546b6166764d51537262536e76677933612f64783338496674487851346c5131542b3842704c3734745a504c774d4a35734d566976732f6d5a326f343249554148677978443567356a6a627936686e67615442454e47422b5634356674437a4a3257345354743476625552482f52356c62783366384157593433667a454433446b71493751775934485a4b6a305972527541434e644b2b6f5938514d61656b58692f6f723941363536513048364b582b5a58395931757466526375584c5a564f76467166384163744749636857496663414b5a6658554e706833574972655a423546516948522b364d574a63504554515a7a69564b464f2f4d614633584a4b33624f65395a6e67675a3371445076637a37774c44683263776a6b50755157786338666d59682f676a384c734941784e68712b2b613044545862314e7039703145644c764f6572356d507367537a33555250795254476e424f5564372f6141557276715062454471663634535a6e374c49725943747063612b445966366c4a51754b61533669656a684c552b6d75454c6a3069593639764574346a42534a46587555652b6c79355a56563072364b69677768364b754d6f644630667176714d78435269744b75706e4851485155482b4a6375584c6c39626c79356375584b642b73486e6e6c6e6c36506e6946334c4e782b597858504d43543754736c494658326a592b306d436e696972686435676f4b65776e744643615848714e657877534b312f4a4c304254565a7137564f5558376b79525237762b49417058796d5554467232646669597855646b41594d42796e33544336315a6b6a6c4e32484a4d432b51782f4638575a584f79365946724f575a6976744c76356d515376475437536c2b3738517150622f61636a37524b324f46356a536758766b634466394e5335424a744d487952314c4464523067696735326c746b4e70326b7753694b6452596a457a5564466f6e516a58552b69346f467736424b78306966514f442b6734694977566861653874364e2f3449356c4f4f4d7275583075466777694f6643706372336a4a4861583764487a792b365a6c4d727a4b6c53705571564b683554326c7538706857476f5532322b35554e6f77672b4a6d5336534a776c49566679334850432f664d2b7a4f4d2f756e3878763466534e42514838776d39554a7945727954487278775a6b52796f5a753568697431343854436434496a58345330493258327746336e37344d7841483073504b4f3569586a7643397764386d4661647a322b3856394d4b456a385642702b30425a6543595639544e6c663359595335336c6f57654e773046766277454a347a6233595353326852755a58346e64336e43726f71434d563949574858454f685843336e704f42416248516164583654714d364333726d63644b367631665030334c36334c6c6f4e664c78475434526c612f54584167334f486439485a326e6e4a346b3847654850476e6754744a4b30432b34747950634b7a6b65455a7256385373793556634d58732f51424652323678324748744f385a627468517237376e78466267386f4f714c33334f4e6a73354a65554665777a38474255517366654f532b773778766e78503841744d4b5a3761592f532f47592f616c314d7571477643414f426378614e486a66326e492b32366e3878722f4543452b6a552f42304d6a376b4f736e55734652357761415838774d4f67475a79787a2f6a356a47744a76486f56725552326e676731314f64437a324558447967426a724568714530694f6770613551706636544c457072716e6e725855546f59626849494e4874674f496f342f54755777446d505952546d57394158694b67356b4a586d547973423477485167667161595246446f6d6676416c2b625770595378386f4430704f5144315a436a4b644954565a4f35535a61684c5150706d7158536d4538733142634737343270657a62332f326e324358444b70396d626d61505a6b666d58445064334662614d64687a78485631647a457931534a385838672b7a4c7374796271433235372f414f4943746954574c65334d54426744694550676d47587373627271505255786c50616d57587848554476326c506257324646562b5a364c364358774e7451717239766d4e2b684663463661454d4351646b78676a634532755545473559537158484b6f304b75565442423964537567514a555a585173374f58366b634b50476e472b7537365069535876424336756a7359366161424e346e4b674b41442f434555465a567637482b6f6462752f38417a4649486d734a385271584468334b324b396152717832444d4e574d61755a797674454863344541563544362b426e716470385832514b48477778414c6f4f3862614c5a534d30462f77426b5077492f4479557662316a634a3334384271426f474c54714e35483267387350752b30386f2b3076645a6a54454c3031376772506d785a644f376451647437376661636f6549703930736a366e7a61595559747a797379524b586373514962484d38536c59617570557a5461477061467063575a4c5a34635435747839447067773875673368515357637a614145453656516c724c68476b5a5a4679335168453656304f4a66516d42634d456f7277612b68424263513650494d4568424c636c70426e72634c57677437457675743232776f674c376f71577473346148792b6f466634517070363249734f794f6c5042616a6f767364706b644b325374716552596c36713743485270345a2f4c426c6c62384e7a4d6f2b334d795569513442796d356e72664f6e38512b66776a47714f53474674383878426e624644337332692f4a48375174584c336d49326c33693431692b7a4d733741633139346c356359787146764b464d7371362f5a68692f782f77423471315a32584d714b305370647842446e4d784d676730614d532b707a797839514a322f326c793539334c326c6c593064324d32775050502b7379454a79785149546d773251574863714a65524d356c776b58654e706347547953386f3666627075473563364431564342486f444b6a4341797055714230466842444e70356f743568506b364c39425a424b6e505a697669414551766454546b4c6c4457503161783950477631556368434931326f2b632f694a4b336363516c61337065494878756b356c36386552784b516b4f4b346c6567506e6d586143624e2b4a4c50324a2f75624b666148756146706934517945504338774761656d3456572b4466377a615739332f4442544137737a4f45546c35597175555a2b434f374144615047444d47743430687435587950737a594e77725573684d734d45514b33376c6d3941685233694a66336d5a4737676a6331486a4941314d6d4e6469557242305465353738562b2f74504d636b655549716b693879763269414c32352b2b31474a7a6a795a44646456792b7479356350716e6f537538523650525455706c514f6b36453439504c6f2b4365475549584333455247494a6a4e7339564d787538547933366c567a2b7374594c76627845513362544b36312f786e307657716e37395477686d5944447442566f3776694a422b456e49654750684c374d72584931775a2f63775a4735766d6e556159454b7666635155314452512f4b4f5a63385733464e4e5278506c69745651356a6f443144667835346a5a7556346e44447a72554331784b30536f6c6c76737a465951696d7a6d46567454454f3976766f4877523377506b6c6e77362b595255316136504878463544696a2f774252724a356c67664d54587276756a36494b6f543569366c4d76416c4d71364559384343634a6c2f757a4d4774346c38676d4a706c79356376706375584c6c394c6979356631704b67516830496c797941513641794d4170684b454b304c64424c55422b483759586975776d734f7262725571564b69536f644b6c4e537058366d444c4862394e75306b79696339355459664d324f75486448676c4449376c715a59485372313938755737716961463553454d4152712b6a4d6c35724a2b4a5a3162675a564774647a336a57726d4971613748424c4e3364343452345951774b7237616c4c42647945464b6337677267676d734f6266695538314f307a437a4d45704b4738646f7143414a7a56764b43386a596c417061664c33543476724b55696c634f4834514656666171477878325a50755166364f646c5a337a6a6255576c5a76442f45736e61622f4b5a65504a6a7853754a5667586e33476c4661756a4e4f7645736948744c67792f6f7636474b6c394430422b6f595154654b6c344b5737394b30744162687131562b384f79315a6b38583567476434616d4f7453757453757175726f556635466465504a645832777144383879746458704e6463537a585330356c6d734932366b646e7a542b6a6a3761344a7635365938427647452f6d66542b5a6e355461364a5754484b3559317874612b544b5938533762616770526837794d6f67314d4e617533455a6f5a646f53377a6c6d593762547353364a4b2b557a5450687637522b6d477237773433426538657065617536782b4a53344c6278624b456c4d5a455068466c2f384145456d6246754a796c3478666754564b4f64796c52344c387535636372792f6155674156415968685a4b7232796f532b2f4b45524b536e74426c2f517651446f6b534c394a634976706651556d554a63755846684c616530484f7a33642f48616361655761307a3368424e4a597935663669705572394c46512f7757375565772b6c792b6f53686c47415962616f6642377557637a655444507734792f6146367749384e524339655955737564532f48795a67564b68424b4b6759686665584c754d622b693455587767785447346644666e54447977686b4e77747a3967536e5a44737a634e6d5872756d6f775959533479566c6e714f374f3672496f5158786e7276486d54516f4e2f4d6451355a48464a58387539474e6175324d787731484d7a6f7138656b3265577a753970616262637652566c576e6d5630745365664d5643777646647057734937724830426a5851525838564b50637361786941693934614c6761564f6a784d6e30454758394679356375445a3332697750344a74737630584c676c64616c644851414f534b6876592b6b2b6d7055524b39594e53716b4b4f33573566556c53766f6571323351657631722b6e453463786b565455517975596f3050746c4e435a6a4154566645636162356c446d346a723643646f53356b425337782f754261396868694c564a666b797a617a526e664d585948376f757437376947797230455262334f6566744d676a756a685941675a705a6e4d4c2f7743776c774264484965706b35647536346f6e4b33454b32314b45745569434175477344334d67597a5a5458714374576e50437731617a706761586b7543356147714d325762387846797a656f6a4b63727063766f6b4b2b6638417641396d476f2f70533765374e50764b51617754653446433437524853436368655933594848532b7479356657357866664d72757a2b6b6742515566537375584871644b6c5375697054305539616c53705571564b6c644653705572725553502b4e663030764d574e664d4d6d7672394151566a456f5276416d4953796b734c685371694a4f4b2f5653726348442f637a4370373545535165665534524e697a6349764c6472533761567678433274415a506d41466d5a527a3970674b57577855583278434d32316e466735634d4a6a3555646e695736394f4f50764378616c5a4d666d614a3239712b7a4d43474270796e744b466a575571705a6956396f52656859706a63733946365565546d46713133765547317464726a77625645393251794a38517a55755634334532437a32494135314e766170563061614f346e31354454424d566f394c36584c6c7743316e6a534b346d71333336584c6c79356376364b366c66546946536f714c4d533051514d70474c793876487352527839567935635a5572394b7638473833454e56394c414f594f33357175747a51465851594d736c5476732b4a7161437968593077664d43762f693973524f725a6c5862346d6479315a6a764757615066435838315876654a33474f504565767237544d4b47584f776e4e62612b7033644f4a642b734e6c7a7634693656574e304c484c7a2f344a4b6d352b5334516a6f726a45482f367534647945687a62376a73485147476b57546e752f4d74456475416777414c3337626c394d4d4c70596434372f41504846544c347263704a427358336559496252484d335536303769704b463549414570726c504e7977735a6a2b7054414f4771706d53444f51616350614b4f6a4e6a3567584b38494c59334c366539696c73664c5741426a364c6c792b7479356375584c6c793566526375444c533566554d75583059514a4548704b2f537156452b674f702f673339527467463032786874376869364c477376345977577071564f36754f5736352f38415a4c697a7854754c62794a6f2f746b782b4952666e7376327a44614e3864695a794a4d2b55726a504c73544e626c797a41584d31785a774c7252566570564d3132635647426175654837526c30725431427668796e376b7a637a5a7663454973787658327a4874475a563769437534513748636c437943513270717773644359453638737471474a574a694765372f55446c797745565749614d63596a684a7a2f7742426d6255377765366174552f654e5179566d3954677a43552f777850665a615239526b455a7173486e42746a476e6638414d744d66706844447a656c6e31484a325959572b37427a637347583175583075493968376c79356375584c6c7935637558423633317671432b67584436447239413656487171365641682f69584c4f6d56475873466f5374776c62683967536f7a396b2b5934477a3749364f3341596c533032784e3378752f77436f5069546a4861426d326166314261416474507a506e6b454c77445357344f4d43486158626f7853323930522b5338346e4755327a6d58617930484d56503365722b4a7a6643387346544e67386d5079533231384c4778334b2f6f6c3258426b3569766f4438536f6c6f6269685a71434c30444c702f77432b466e61527832695756622b5a6c312f61552b7a4948457456716f7a366d526832315a72356978667766456262544d63694d7431686b6175716d315068356872563970616e634b5951364f395136476f597156487455516a7a4c737a2b33364e79356375584c3658396479356375584c36583175583144703769665176536e706372504e4b764d7954346a4b3646663433505462314668745a6e5a79524f6739354e53685565796f355a664d4c50796a656c7077395371356f64667a414436566a3934576b384555617547497474793450626b78694579624f6f72487a6a45734b624a71376d68784f5643356a36754c4d614a436f5066533271636e3569696c786271575370397148692f434165744262596f6c585a4b4d6636536f344d585533356e4b536f7449624733764d6470557258636c4d51556246494d71754a3548695a3056326e65546b4d6d4f3879417a5254554c706d4870783469436a6550744d595645655366336a304a4d43774946564f77486c5a56495157446e457666566850366d513735557067644431663044716b71457270557236626c793566304852575a4d416a646a38546966616a4d313662524e507645543259506a387163494475545a4a4c33454c426f616876353659336a7a6c486a4a4e676d3672355541612b4f414f383866346a434c44364c363739494c6c38387a7373616c684858756e387931454177504b78436145782f4b3950666b5750776a593171536f666b76465a51614d436138536b2f543649374a616d4463324546695668484f4e4343754e4268356d6d78576a5a587a4f31554a5446417473745363314f57584d3056467a4865464f436e4d7076746667675838533659587550706a4d746c653442792b4869754a744f4b3037784c3264635634677258414b4f75564843584f6567416c785658673778304e503756365a6173327a4f514a364a6544356946417867647975364338626a6f316a7058637a6a4c6958466f4258592b713464543943756c39626830726f4a6f594c6d424b4a356c7234533436666b47576c487269796567566634673574397a2f4579456b383459442f414e50326a6247787a702f4d7333767a446e6c2b522f71624f763841726370464f3951344867434867656d634832532b6e317a5a6e3253797236502b4a7670742f52766f49307a3350637056647a75582f526b396b3277613038792f334d41793263497a33706e784c5834534b477a62614535444c624c694c5a31645165343364714b39715a654e51584c34366a6165356462574c684654742b4a632b65596b633034653854476d7451596255557665494d4767356a454753503777554164575478597445625658714768614376596a766a676c422b435876626c6d306c64346771385443333238447a4b756c584e785744544451684c784853732b35554359394f55704d45326c6652446f4543556670557a58577a784b494d664b48434a7a73695964472b4d2b50336d514a512b576679616a64664e68465a7748502b73715441334464555a726c4f4f496a504f5a4e386243434864787a676d4d663470684b6a4a4c327a5248475935582b6f6b3741744f5048534e4f744475536c61662b4b6a574e72637836664f73334e732f384a364d50384244575242737a43356a4f2b2b57456c54553443563559436f48554f772f7148384a71497646644d656f397061384e3469444a567459317a4d6c796e4f35387a36625a6e58664559333851467967634534594a3034413449736e694337744374317a4146584f7a3777534e565950663752722b4a456676466a476d754a61745554542b4c4a5a726d654e6d4d436c336d466f44567042685756764d4a4272504a516b627674687878426a3547695a49424b316b6a394254306b3147355576394b6e36465857706673776c67694e51374462567452426a3347416763326633685946387448347a426e2f4243376138626e37356946616232566478443430782f4d474c57764e356a6a41636175584d7a494f384a326f2f42435445374f3878464942734c43377248356c64325476776167594a59655a66544d6f654d326538716168335173455470442b32663156416d76386e6245683061426a7457644d2f30794132666f3339442f68334c4949307a326f58493762436f4b6d375a6a5465574d652f776a6f35593375344e722b6a6d726d692b6e61493063394c464d7761684f653073334f4e51426b7674376d7363746f567765493766466c362b4b63566d624b657a4148627276507330763143304c52784d33324a7533476b7a686863527564355564616d533852617262646d424b594e6b463057336b6a696f707a784e4e42355269657768443643756c536b71583050714b6c536f445178414b6e5635646e3045776a327250614b506d733778466f774e594d6a7836682b30574267466758384552586a766553556b524b726366626d6e436f5a2b783876336c57736d50614e626c4a6c652f6550546c4465346c6c6247622f31637a534939396e42456d47353550634d706b7a74366a75666738494a6458797870496d7149747a4174746c526c757131366c6865372b36344a667a37674d6c4a386f72446c68756561414446646169536f6832584f7a665535544e42544e6f2f304c67583150384f356651526b5a524d386b317175787846416a424e5a5567314d3957366a764c32706a397869766e776257434b2f63793350744b6c5768306d4e78717a6d6b6934705172687846764b56637546673271355646684f6e795a696e4465626a652b6372356a5955504a4d71743056637543513476686d7a2f546d46694e30376c486168683779784458487156394e6b5678464845564b365839467935637443554c4378454e4d3655742b307931746f35755a4775663841754e772f4a706a386d6d646b384d414c637a4f4375356c414a746a7a4d314f3462354d43496b4159432b39537a64415646783633585a4c7751636f44525275346747534347703574484d76774d31414d734c734249354a626132716e4a30774e666d7232537a50483637796b545473526b457477323442736d2f3841387a49733435375459643667344846636c626a2b6c73444636736e42486f6c4532665271394461482b5063754441684c363773703830466b71686772385447794339684f447a4c4a367156757470705a6b30347547516148377061623531465939706c4274586e555a39794e5449796b4e6846676d3852655565736e4734436e30345868377a49724d636b34374e4f726a4e71566c6c3938443668314b684b7058704f596e305830754f30563558415374664a413354354d2f77446b6266384154374565576455372f7163662b706149333237596859566b384576316a6f356870614c586d34706868507a4c4c30636267557533585766695833465a5665575a55792f5a6c36724e2f62456e34766d4f41316c794c395841466a6d70562b4c594d792b3071634267474a6448625048347a4848597534327837574a3852777063637977505038496c536a707a6a356a344662596d33785161366e3861366865546e692b30374831546e554a64334a6a45463776422b47476f3745562b686a366c4e684f7a50554749657a4b6d556652767063762f4142726c394e4139477473783448714c4a37517261754a5a566555594f4775386f3473785635334750757a6277515675514e6470536a496a6a4e6d796d6838537545326e6369744f6c497863535358655675664549625763374869564e7833356a697833647a4445553459624f795839534c6c2f53313065545770725a324f50787a504f312f3243575976342f7742454f7a384e5235334847703755527a4248456d70637a46555554717667517577515244334a797856504d5a466344764d67494d57356a67444c354a6574724d414c66463754615757576b6f4c687566785553433764696f33716c4b572b5a6972717a6a4179736372436e7a7a4c5870465675566f74423752343659387a5832536f42375a67774172464b7a4d31774e6b7a486e486f525147624c697275772f35524d567276522b31785a786d722b35776b3934687a583951354c50634e492f72314e6f496e536b446f4d5236722b692f3861356375587452357a75654a685631336d486363586b726d4f72724f2f4939747746417077737a5452682b38532b4357364b7241394d474c39716870564e784e76626e314c594e7478487466446163516f684156527151564538474b6e6b59666f426779356c69564c6c79347a67586572344a65306c6f71625144505a6a67432f7744764d4d7550695978712b4e72376e4d7a69557a636b485a4f334d4d41675771562b3871556837696273373030737a374b63467666314371414a524a2f5a43514b7570566f76654a61494c6b4d327a62327451594e6b58647978442b796370757a737a64564b324374584a4161663669363165626935554d70576f31697671576c64335969797a4b45684e507a6c45692f4c74376c422b46597a4b6f684634447a4d6a6c7a484c5177326c48754b637862664c38526c706a4e693844504c4c6478677a6948642f4f5a546c507850364d78655074542b45486f687757583266716630454f794b6356487368447a454e6e2b5a63736779446d325930484f737376796c6661574b4e6266615857726e635330316b663369714c7055516f62592f475a5635736b706968686d434638426a5355765375397a6c6771534c72504a434c54325145713845554b50457145435630766f39584c42566e6d556f7034466a2f325966462b557765746f2f6d656c313845786177355670756b494d5972414469594979792b654a65584f6236494962554e596a2f6372634862554b6b797370326c417136566868324e786f324278586c694638716e6d4654386276334345374f6258385279706546467a66586471346a33707a713139544476477a78346a45355a6b434d71646942394876413153764f6f72747a7134412f67584f3658744d6a5036496b522b38334b4a656436784d3852446c6933494c4959687346324d385159444e3245396965724b38796e784d396d58365161633767766a2b6f6477656d43346677682f747035464234773665714943436c5070444d572b4a567a7a7a626a364f65455a476845666f584c6c2f774345777a474e616c4b58392b676a544f586e694755396f4f55757251305050343475684f473432577856336375303655444e49434a6236544b6f566d576347734f626c776a70695645466b716f425634666371485335665139414b3051705658616448754e444f755738663852314d505977532f647366614c32552f69486253346a6b63737a6d47686473516d477978556a5964327175304c4e4d47383456367161454d787a58336d5033594661426e372b3854646569757362694551487664655a63446a75324d414465753856336a4d354a6144414b67726642694967347a67723343685359354a476e5846647077304d2f45336f777a41386b664533383242356d665a724e484d5241486e784f786d4d4b2f694c6b67747746424c45664c664573387934506e7037537643662b454b67397570585778375473543278652f5846624554326958356c70366446504679753454302b7a4b3939432b326551796a5659654438705533543169646b507a44765034676b622f475a633772334c48542b6a4d73446d554848536a784675496e6945504d6470644c36584c2f573239536c6132394b6c646538334b796b6c6f4e672f4a445045706d426a484e5847696135646748326d3434316134796954435243736b48306b4f474245514c5748786a703833616545397a5562754432314c565733356e4e693332732f7647344b37486a7a45665a5150744f38686871534f562f474974726a69716f69766a54664c366d385930544742504e4443433971786d44364c586d4b54714d4e3547626442716b457338736e64366a366c5467476d4262634d6c6c774f64634f354b562f6f514b64636e636c71373151374a5a57396c64644b4e6135673448576935736d47442b644c4566356b35696264626a6953724148434f533531786d4b41757746346a65594c335535756d7934385369414337434e7473332b496f74564d4f30376b6e487150454a36597946647a30787032797a532b35674576706c646a4c39765a4c38665a6d505079536a7553336d5078496f66344d6f396b763139706876454b342f353854795838332b3857662b4d443348356834666e45502f41436267687431484556554d666f71374558376b6543453470506f75582b67734d454436626c396136416159743536436479556a7362696d44434573367570714379594b307838646d4268766d4679694230574b6251454d4c41664c36493567766c72346c3973717834505570355635726738775933784c4a57594654795a6d445a73474c6c46594979754d6351755232386f67582b676c5a4c596370482b4861687978477539634b676151716a6d583675316e644e376b583235564a3335617851316c79376d6a776f476d627a4662304e74544d63672f314c653176304a524368783549686a706c4975324a6e794c5844466663764a664f626c694175654276557750327648584858396b70436a36566970487659544d56396d4d712f332f41424f6550696f5a5376795045465948754b75594b70435a4f35656f2b4268332f774151666d65795662532f7848697558376a37496e5a384d58775948543779646d6e30787855667a453544396f593050784f37393074572f53586c4d4c69395138684639507a69483656376772784e6561676644352f75554b2f62434c62394d7036392f5730306338792f564831317555524478466f52785344315448635830584c6c39474734667058317270646167516276764250557361366e676c4f426d514c6d4e4276336a572b5a424570356c6e565534757378347961786648784f2b33385231422b4a6f694b304e487979704732676c5870325a673373644b7353374a6c6f65585531705273647357557457324245525a48667369504d5a664d706872656d46714442444f666965756a755376466c6a736a2b534a7752755961587a555254797063437a56664f564b636e79526d6a2b594e63656a436f375555344c484c376c446e48413538784a54456138785a67436734717a38547343444955536a4c7574503841457271683262493439666e623854487747422f4d65646754352f4d6f527747765061505279747742746b59652f695a6d565a613779384c527a446756486b4b4d4958484a557933446d394f5a57357a75794d4137346336547631394d4f5239794f3977564e716c57356a75667368522b2b6a2f714d52583555746176316d5068422b5a7870694979463970687147686e555876614a56516e655430774a613941394c4f38443851375366503977622b352f555052394d707a5a4c48542b694d4d704b69396c6939575259692f7045477a7066384167584c36564b36614a6d39706d4e667a784768654742634e4f5a62415a543268434f35344a2b4a6a396b544c726838514e49346c6f574f4365503234795947676435353070376c55354962332f55433878686c4843326863564d33692b626c4264724a696c69436c52764d446d7134547a4c57426b54762f414c6a535a53734678634f5972643555436c352f704b317477654b4269336d4f345a33675062415758457465446a346e63363439536d676e73357158536c586d672f4d7573475756732f366c5341433276375268486b312b30324473577a6c6c5a476b3448506d4e77636d32794e37765055614f6b674c687241626a6a592b412f61355236337868666147322f7741524644533446776a63705748343143645476376c7374366d6432333459334d6c766f6e6b6e5a46644734484863617775452b434b5358654863776455306e714164693761784c44446662694d356a4d454c504d63487979746377645870454f39793873536972423536466941636f506d33784139783659442f41485036683444365a586d7a325378306a394131447042303130513649426532487a4d5967504d6474394c2f414d432b746442546d465a5a6c68524e5a445133622f45474b484579714665653045546669424a544641684d6a4b4e49473534732b3437683375675964776a6b313851716146566d4c2b6245777a663536677468746d61725641542b5935616633527a4e43734e73722f4f753345325071316469617a62694b345a326c565861586c6c3934594b7337785051465878694c716d6b387a33706479754c3053697368694b4b4c6339356c55555a554d7434696d444b305138586c5164475455783736504c2f414846566a37684648624e33437974634b7233424657765439366d714847586632676f6a7667754f6634546a4d657276633750546b785a32766738764c46462b764a466d705453524e312b50356762574c317a71564d66676a685a2f4a445064384d2f62516a2b5357494e64327545516f746e5a46396534524f3765796f2b6146577250635038417778507650676e332f65653078326c48544b2b4a66686c6b4536576436337368355430772f77426f2f71436372307a377a356846304b644b69496d614e5846645448386f2b5a4647785935492b36555a533555686531773767795a63626763697572586365746e6b2f7741433553576453454961364a5755474642746c4650386e4c50333863546b49364e73704b7755637a486f4f623843425661554f2f796735556a54416a6f574c7a377754794b7a6e74757064364e6863722b4a6f764842464d4c6a6b4e6379352f496d44563572635a666764617531355a67304e5735377873314d384d5243426261514a66354b786e514373476378396c78684e4441464859647a6d4952326c4f65584b7755517a6634377a4b59775a594a306e4136457939717330526b612b352f53586d307248334a64786e4d2f456576326a434b7372397361783975384f3234506d4a73312b49715469504b78536a646c34512b4a562b3567596f73343276304b4755355573377944333651744151316a6972377733333751484e4246304b745952585149677a5349447539776b44327149474a756e4563682b352f552f7343706b4555764a754e5845656269396e34626a337675564556362b476545532f4954502f5551615765397a792b3243646e755a61714767785874506d4866396b376f653442306b3949434634575a6944586a43556a537354447535754f397767363757777a694e4156716e7157597863725435676357556d325a6c6d73446431382b4a55614a325141704c766b697642527167644c2f414531676f2b692b7173637a42756c655a5276655756424462504d704448664676637a2b4377657a377835647732747a4a6b65414734684f355632356968392b4152443548394a38306e714432564c664d776b4573726869427766492f693557425277475a713377346a724f374b726e7a44677a7658654e673369476548506b6c343764366d69544b36743246515762436d39537170706874742b304a74336a7565446d585354574d546b62616445545755616c6558496530576c77436348682b6538446d524c33664d774a51397a49743743745052306b70413431694c68446d6d4e546c7a75644f3770396f7547774d655a71526674385455706f396769356e452b663074597073656b58386c6a2f414367366d44372b692b6d512b4c766669466b4b6741634f5a36644948564950756e645534622f444c6c4878414e5143323972557932756f445652502b332f794c61664d71346a3544346e49522f744a583568326e375158596e356e416d722b426e4e763549482b7338776c466c56473943567363774b4c7545384e543937314c48594348784f427549473778755834713374644d4367344a4d5832716233637254472f464a34377a4d54664b5966694d6a54694d33393257356275567976436a363168352b6935635a4d73474a2b493751485a456e6666375167687a42775165724b495345414c312f71476f42716f36495667632b55675233616e334a72674f32736c63517748424e716971636669664a413862656b4b7132474e7777586135586346576a664d784e49306530636b6f34637870445458714b3135314c326d4330314c4243736d7579586950722f4d426c3162736a326c39465757685a6274613430524169676f762f57575a625355353753306c6e77677248324d6645426854766d4568595a57494c3336677737624d5772744a78453578394666654c3847792b54346e4450744473322f6d6638415157314d43695676306a68744b435a4851792f4c707637724e5078466e37776d763075337a52792b784e6444516143583946396454356e4f7379346f6f556c466f734f4a786f533955434b31777944664d585a6e5475634e2f6556385078476d2f754a784d2f5a6a2f774356494d306a35756637457164356f38726361377a4c396b2b5a35462f4d4334495a6e78396b73724f6e4a6d46504643786c4e7171484a4847612b3037747a55746379744a786f4d4937494e5937525372756a345a74316d6e7070725943766867377a4f414157444d656b75793450596d61725245325267572f5263754c304f59476f41576431385142482f4d33793646305646664f6370335943557564455739566639496d3063626761776e344933524334534642314a6e6d44465354666854574f334c4d4265774d7566556253746f374d5635693977632b70626b46634773646f7a566c2b574b6f724446617878554f6e754b5770394130306353796d3447475931707263515244592b32594f2f695a6d3563306b355061626a4b38755a6b537553666e7071414f50486d586376625146724d6f4b7342644d4456737539457771466e426d596b6e374570487a31346d6b766c416f56684e5164446f486d496c57573674376935697966705a4c2b304850394a6532637a2f414a397a6a366e4c3143624830474972623358596c367168677442462f5142365739356452634770344a6c7367376441755872574b636f2b356779506a454e6c507377582b305442515235706a2f474c503269446c397a2b6b2f35503858412f364968595075514458376b37715075642f774379432f754d7975437764692f4463455773736a544937552f334d635832562b30734c55576152676b7663326347707035586f684e4b6e767644513679664d7950595073676955493539616853504b42464b457353342b452b6f786d4b7a5579734469377a4741797964347a73777645637063702b6e61595a352b2b465777576733694f626d41616250546373777244397065396f33796765446a6a6a7644414f4e442b5a6c596d375065666b56464832787533454f4c6f624766336c465646794c554572586a6f396245754b793539515855564137513661762b424d33486a356c6b2f59495157526d31435a3741707a7437785355337763786f74625a41352b38495877747a77657070786375624f3838646b45386b706e6e413954415762374d715646644279307a4f4c5476672f4b652f74445551376a33506962494e516e44304877522f7438754664777549534e4a46782b6d696641466e672f75493456703268714f373939447634525a592f31442b666f457a4b445059446d416771776e2b666d582b67697a513261434e423066757537454f30667142516c63446d436f6f44516c646e537051356d597570627148514e612f69423377495948334b757a37492f56384b53376748782f70465748486e48377a794c3966366d744b664d5842667650375478, 'Calle de Atocha');

-- --------------------------------------------------------

--
-- Estructura de tabla para la tabla `posesion`
--

CREATE TABLE `posesion` (
  `evento` int(11) NOT NULL,
  `usuario` int(11) NOT NULL
) ENGINE=InnoDB DEFAULT CHARSET=utf8mb4 COLLATE=utf8mb4_general_ci;

--
-- Volcado de datos para la tabla `posesion`
--

INSERT INTO `posesion` (`evento`, `usuario`) VALUES
(26, 1),
(27, 1);

-- --------------------------------------------------------

--
-- Estructura de tabla para la tabla `roles`
--

CREATE TABLE `roles` (
  `id` int(11) NOT NULL,
  `nombre` varchar(15) NOT NULL
) ENGINE=InnoDB DEFAULT CHARSET=utf8mb4 COLLATE=utf8mb4_general_ci;

--
-- Volcado de datos para la tabla `roles`
--

INSERT INTO `roles` (`id`, `nombre`) VALUES
(1, 'admin'),
(2, 'user');

-- --------------------------------------------------------

--
-- Estructura de tabla para la tabla `rolesusuario`
--

CREATE TABLE `rolesusuario` (
  `usuario` int(11) NOT NULL,
  `rol` int(11) NOT NULL
) ENGINE=InnoDB DEFAULT CHARSET=utf8mb4 COLLATE=utf8mb4_general_ci;

--
-- Volcado de datos para la tabla `rolesusuario`
--

INSERT INTO `rolesusuario` (`usuario`, `rol`) VALUES
(1, 1),
(2, 2),
(3, 2),
(5, 2),
(6, 1);

-- --------------------------------------------------------

--
-- Estructura de tabla para la tabla `tarifas`
--

CREATE TABLE `tarifas` (
  `id` int(11) NOT NULL,
  `idEvento` int(11) DEFAULT NULL,
  `informacion` varchar(100) DEFAULT NULL,
  `precio` int(10) DEFAULT NULL,
  `consumiciones` int(11) DEFAULT NULL
) ENGINE=InnoDB DEFAULT CHARSET=utf8mb4 COLLATE=utf8mb4_general_ci;

--
-- Volcado de datos para la tabla `tarifas`
--

INSERT INTO `tarifas` (`id`, `idEvento`, `informacion`, `precio`, `consumiciones`) VALUES
(28, 27, 'esto es mas informacion', 25, 2);

-- --------------------------------------------------------

--
-- Estructura de tabla para la tabla `usuarios`
--

CREATE TABLE `usuarios` (
  `id` int(11) NOT NULL,
  `nombreUsuario` varchar(30) NOT NULL,
  `password` varchar(70) NOT NULL,
  `nombre` varchar(50) NOT NULL
) ENGINE=InnoDB DEFAULT CHARSET=utf8mb4 COLLATE=utf8mb4_general_ci;

--
-- Volcado de datos para la tabla `usuarios`
--

INSERT INTO `usuarios` (`id`, `nombreUsuario`, `password`, `nombre`) VALUES
(1, 'admin', '$2y$10$O3c1kBFa2yDK5F47IUqusOJmIANjHP6EiPyke5dD18ldJEow.e0eS', 'Administrador'),
(2, 'user', '$2y$10$uM6NtF.f6e.1Ffu2rMWYV.j.X8lhWq9l8PwJcs9/ioVKTGqink6DG', 'Usuario'),
(3, 'alejandroc28', '$2y$10$FvB15uHQx4Mxm0d8gX3KV.GirZGGphlpsWU9yQGOVUQXs8Ial1Usi', 'alejandro'),
(5, 'angel', '$2y$10$SVUhgO0L380vLU7fYFzF0OkMzXHtCudMpN8UuW5XvsBRU06ewn7CK', 'angel'),
(6, 'Pedrito', '$2y$10$LmsISFnVDSKmSdfn.PKbUeyKjRtLWMAnKd6sBnWgDy3SksWKj8cj2', 'Pedrito');

--
-- Índices para tablas volcadas
--

--
-- Indices de la tabla `eventos`
--
ALTER TABLE `eventos`
  ADD PRIMARY KEY (`id`),
  ADD UNIQUE KEY `nombreEvento` (`nombreEvento`,`fecha`);

--
-- Indices de la tabla `posesion`
--
ALTER TABLE `posesion`
  ADD PRIMARY KEY (`evento`,`usuario`),
  ADD KEY `evento` (`evento`) USING BTREE;

--
-- Indices de la tabla `roles`
--
ALTER TABLE `roles`
  ADD PRIMARY KEY (`id`);

--
-- Indices de la tabla `rolesusuario`
--
ALTER TABLE `rolesusuario`
  ADD PRIMARY KEY (`usuario`,`rol`),
  ADD KEY `rol` (`rol`);

--
-- Indices de la tabla `tarifas`
--
ALTER TABLE `tarifas`
  ADD PRIMARY KEY (`id`),
  ADD KEY `tarifas_ibfk_1` (`idEvento`);

--
-- Indices de la tabla `usuarios`
--
ALTER TABLE `usuarios`
  ADD PRIMARY KEY (`id`),
  ADD UNIQUE KEY `nombreUsuario` (`nombreUsuario`);

--
-- AUTO_INCREMENT de las tablas volcadas
--

--
-- AUTO_INCREMENT de la tabla `eventos`
--
ALTER TABLE `eventos`
  MODIFY `id` int(11) NOT NULL AUTO_INCREMENT, AUTO_INCREMENT=28;

--
-- AUTO_INCREMENT de la tabla `roles`
--
ALTER TABLE `roles`
  MODIFY `id` int(11) NOT NULL AUTO_INCREMENT, AUTO_INCREMENT=3;

--
-- AUTO_INCREMENT de la tabla `tarifas`
--
ALTER TABLE `tarifas`
  MODIFY `id` int(11) NOT NULL AUTO_INCREMENT, AUTO_INCREMENT=29;

--
-- AUTO_INCREMENT de la tabla `usuarios`
--
ALTER TABLE `usuarios`
  MODIFY `id` int(11) NOT NULL AUTO_INCREMENT, AUTO_INCREMENT=7;

--
-- Restricciones para tablas volcadas
--

--
-- Filtros para la tabla `tarifas`
--
ALTER TABLE `tarifas`
  ADD CONSTRAINT `tarifas_ibfk_1` FOREIGN KEY (`idEvento`) REFERENCES `eventos` (`id`) ON DELETE CASCADE;
COMMIT;

/*!40101 SET CHARACTER_SET_CLIENT=@OLD_CHARACTER_SET_CLIENT */;
/*!40101 SET CHARACTER_SET_RESULTS=@OLD_CHARACTER_SET_RESULTS */;
/*!40101 SET COLLATION_CONNECTION=@OLD_COLLATION_CONNECTION */;
